[{"model": "admin.logentry", "pk": 1, "fields": {"action_time": "2024-03-17T03:57:15.498Z", "user": 1, "content_type": 8, "object_id": "1", "object_repr": "India --> +91", "action_flag": 1, "change_message": "[{\"added\": {}}]"}}, {"model": "admin.logentry", "pk": 2, "fields": {"action_time": "2024-03-17T04:25:15.996Z", "user": 1, "content_type": 11, "object_id": "1", "object_repr": "Elegant Sapphire Ring", "action_flag": 1, "change_message": "[{\"added\": {}}]"}}, {"model": "admin.logentry", "pk": 3, "fields": {"action_time": "2024-03-17T04:31:58.365Z", "user": 1, "content_type": 11, "object_id": "2", "object_repr": "Diamond Infinity Ring", "action_flag": 1, "change_message": "[{\"added\": {}}]"}}, {"model": "admin.logentry", "pk": 4, "fields": {"action_time": "2024-03-17T04:36:18.560Z", "user": 1, "content_type": 14, "object_id": "1", "object_repr": "Ruby Heart Ring (400.0) - Diamond Infinity Ring", "action_flag": 1, "change_message": "[{\"added\": {}}]"}}, {"model": "admin.logentry", "pk": 5, "fields": {"action_time": "2024-03-17T05:12:51.730Z", "user": 1, "content_type": 14, "object_id": "2", "object_repr": "Golden Vintage Ring (200.0) - Elegant Sapphire Ring", "action_flag": 1, "change_message": "[{\"added\": {}}]"}}, {"model": "admin.logentry", "pk": 6, "fields": {"action_time": "2024-03-28T11:32:05.009Z", "user": 1, "content_type": 11, "object_id": "2", "object_repr": "Diamond Infinity Ring", "action_flag": 2, "change_message": "[{\"changed\": {\"fields\": [\"Image\"]}}]"}}, {"model": "admin.logentry", "pk": 7, "fields": {"action_time": "2024-03-28T11:32:53.805Z", "user": 1, "content_type": 11, "object_id": "1", "object_repr": "Elegant Sapphire Ring", "action_flag": 2, "change_message": "[{\"changed\": {\"fields\": [\"Image\"]}}]"}}, {"model": "admin.logentry", "pk": 8, "fields": {"action_time": "2024-03-28T13:40:02.188Z", "user": 1, "content_type": 11, "object_id": "3", "object_repr": "Pyrite Raw Rough", "action_flag": 1, "change_message": "[{\"added\": {}}]"}}, {"model": "admin.logentry", "pk": 9, "fields": {"action_time": "2024-03-28T13:41:11.347Z", "user": 1, "content_type": 11, "object_id": "4", "object_repr": "Turquoise Bracelet", "action_flag": 1, "change_message": "[{\"added\": {}}]"}}, {"model": "admin.logentry", "pk": 10, "fields": {"action_time": "2024-03-28T13:41:46.349Z", "user": 1, "content_type": 11, "object_id": "2", "object_repr": "Diamond Infinity Ring", "action_flag": 2, "change_message": "[{\"changed\": {\"fields\": [\"Image\"]}}]"}}, {"model": "admin.logentry", "pk": 11, "fields": {"action_time": "2024-03-28T13:42:03.009Z", "user": 1, "content_type": 11, "object_id": "1", "object_repr": "Elegant Sapphire Ring", "action_flag": 2, "change_message": "[{\"changed\": {\"fields\": [\"Image\"]}}]"}}, {"model": "admin.logentry", "pk": 12, "fields": {"action_time": "2024-03-28T13:46:10.363Z", "user": 1, "content_type": 14, "object_id": "3", "object_repr": "Blue Sapphire - 2.66 Carats (700.0) - Turquoise Bracelet", "action_flag": 1, "change_message": "[{\"added\": {}}]"}}, {"model": "admin.logentry", "pk": 13, "fields": {"action_time": "2024-03-28T13:46:40.678Z", "user": 1, "content_type": 14, "object_id": "3", "object_repr": "Blue Sapphire - 2.66 (700.0) - Turquoise Bracelet", "action_flag": 2, "change_message": "[{\"changed\": {\"fields\": [\"Product Name\"]}}]"}}, {"model": "admin.logentry", "pk": 14, "fields": {"action_time": "2024-03-28T13:49:34.544Z", "user": 1, "content_type": 14, "object_id": "4", "object_repr": "Blue Sapphire - 6.34 Carats (699.0) - Turquoise Bracelet", "action_flag": 1, "change_message": "[{\"added\": {}}]"}}, {"model": "admin.logentry", "pk": 15, "fields": {"action_time": "2024-03-28T13:51:21.634Z", "user": 1, "content_type": 14, "object_id": "3", "object_repr": "Blue Sapphire - 2.66 (700.0) - Turquoise Bracelet", "action_flag": 2, "change_message": "[{\"changed\": {\"fields\": [\"Product Image 1\"]}}]"}}, {"model": "admin.logentry", "pk": 16, "fields": {"action_time": "2024-03-28T13:54:38.852Z", "user": 1, "content_type": 14, "object_id": "4", "object_repr": "Blue Sapphire (699.0) - Turquoise Bracelet", "action_flag": 2, "change_message": "[{\"changed\": {\"fields\": [\"Product Name\"]}}]"}}, {"model": "admin.logentry", "pk": 17, "fields": {"action_time": "2024-03-29T11:39:35.023Z", "user": 1, "content_type": 19, "object_id": "1", "object_repr": "Banner object (1)", "action_flag": 1, "change_message": "[{\"added\": {}}]"}}, {"model": "admin.logentry", "pk": 18, "fields": {"action_time": "2024-03-29T11:40:24.212Z", "user": 1, "content_type": 19, "object_id": "2", "object_repr": "Banner object (2)", "action_flag": 1, "change_message": "[{\"added\": {}}]"}}, {"model": "admin.logentry", "pk": 19, "fields": {"action_time": "2024-03-29T11:48:22.171Z", "user": 1, "content_type": 20, "object_id": "1", "object_repr": "Blog object (1)", "action_flag": 1, "change_message": "[{\"added\": {}}]"}}, {"model": "admin.logentry", "pk": 20, "fields": {"action_time": "2024-03-29T11:55:15.610Z", "user": 1, "content_type": 20, "object_id": "2", "object_repr": "Blog object (2)", "action_flag": 1, "change_message": "[{\"added\": {}}]"}}, {"model": "admin.logentry", "pk": 21, "fields": {"action_time": "2024-03-29T11:55:47.290Z", "user": 1, "content_type": 20, "object_id": "1", "object_repr": "Blog object (1)", "action_flag": 2, "change_message": "[{\"changed\": {\"fields\": [\"Image\"]}}]"}}, {"model": "admin.logentry", "pk": 22, "fields": {"action_time": "2024-03-29T11:56:26.606Z", "user": 1, "content_type": 20, "object_id": "2", "object_repr": "Blog object (2)", "action_flag": 2, "change_message": "[{\"changed\": {\"fields\": [\"Content\"]}}]"}}, {"model": "admin.logentry", "pk": 23, "fields": {"action_time": "2024-03-29T11:56:49.146Z", "user": 1, "content_type": 20, "object_id": "1", "object_repr": "Blog object (1)", "action_flag": 2, "change_message": "[{\"changed\": {\"fields\": [\"Title\"]}}]"}}, {"model": "admin.logentry", "pk": 24, "fields": {"action_time": "2024-03-29T12:12:41.023Z", "user": 1, "content_type": 20, "object_id": "2", "object_repr": "Blog object (2)", "action_flag": 2, "change_message": "[{\"changed\": {\"fields\": [\"Image\"]}}]"}}, {"model": "admin.logentry", "pk": 25, "fields": {"action_time": "2024-03-29T12:13:21.573Z", "user": 1, "content_type": 20, "object_id": "1", "object_repr": "Blog object (1)", "action_flag": 2, "change_message": "[{\"changed\": {\"fields\": [\"Image\"]}}]"}}, {"model": "admin.logentry", "pk": 26, "fields": {"action_time": "2024-03-29T12:41:44.979Z", "user": 1, "content_type": 19, "object_id": "3", "object_repr": "Banner object (3)", "action_flag": 2, "change_message": "[{\"changed\": {\"fields\": [\"Image\"]}}]"}}, {"model": "admin.logentry", "pk": 27, "fields": {"action_time": "2024-03-29T12:42:06.325Z", "user": 1, "content_type": 19, "object_id": "3", "object_repr": "Banner object (3)", "action_flag": 2, "change_message": "[{\"changed\": {\"fields\": [\"Image\"]}}]"}}, {"model": "admin.logentry", "pk": 28, "fields": {"action_time": "2024-05-02T05:24:36.943Z", "user": 1, "content_type": 20, "object_id": "3", "object_repr": "Blog object (3)", "action_flag": 1, "change_message": "[{\"added\": {}}]"}}, {"model": "admin.logentry", "pk": 29, "fields": {"action_time": "2024-05-02T05:29:56.711Z", "user": 1, "content_type": 20, "object_id": "4", "object_repr": "Blog object (4)", "action_flag": 1, "change_message": "[{\"added\": {}}]"}}, {"model": "admin.logentry", "pk": 30, "fields": {"action_time": "2024-05-02T05:30:21.267Z", "user": 1, "content_type": 20, "object_id": "4", "object_repr": "Blog object (4)", "action_flag": 2, "change_message": "[{\"changed\": {\"fields\": [\"Is Published\"]}}]"}}, {"model": "admin.logentry", "pk": 31, "fields": {"action_time": "2024-05-06T11:46:26.705Z", "user": 1, "content_type": 19, "object_id": "4", "object_repr": "Banner object (4)", "action_flag": 1, "change_message": "[{\"added\": {}}]"}}, {"model": "admin.logentry", "pk": 32, "fields": {"action_time": "2024-05-06T11:48:44.063Z", "user": 1, "content_type": 19, "object_id": "5", "object_repr": "Banner object (5)", "action_flag": 1, "change_message": "[{\"added\": {}}]"}}, {"model": "admin.logentry", "pk": 33, "fields": {"action_time": "2024-05-09T15:16:38.187Z", "user": 1, "content_type": 12, "object_id": "48", "object_repr": "Pankaj singh - 8770756921 - 2024-05-09 15:08:34.245168+00:00", "action_flag": 2, "change_message": "[{\"changed\": {\"fields\": [\"Status\"]}}]"}}, {"model": "auth.permission", "pk": 1, "fields": {"name": "Can add log entry", "content_type": 1, "codename": "add_logentry"}}, {"model": "auth.permission", "pk": 2, "fields": {"name": "Can change log entry", "content_type": 1, "codename": "change_logentry"}}, {"model": "auth.permission", "pk": 3, "fields": {"name": "Can delete log entry", "content_type": 1, "codename": "delete_logentry"}}, {"model": "auth.permission", "pk": 4, "fields": {"name": "Can view log entry", "content_type": 1, "codename": "view_logentry"}}, {"model": "auth.permission", "pk": 5, "fields": {"name": "Can add permission", "content_type": 2, "codename": "add_permission"}}, {"model": "auth.permission", "pk": 6, "fields": {"name": "Can change permission", "content_type": 2, "codename": "change_permission"}}, {"model": "auth.permission", "pk": 7, "fields": {"name": "Can delete permission", "content_type": 2, "codename": "delete_permission"}}, {"model": "auth.permission", "pk": 8, "fields": {"name": "Can view permission", "content_type": 2, "codename": "view_permission"}}, {"model": "auth.permission", "pk": 9, "fields": {"name": "Can add group", "content_type": 3, "codename": "add_group"}}, {"model": "auth.permission", "pk": 10, "fields": {"name": "Can change group", "content_type": 3, "codename": "change_group"}}, {"model": "auth.permission", "pk": 11, "fields": {"name": "Can delete group", "content_type": 3, "codename": "delete_group"}}, {"model": "auth.permission", "pk": 12, "fields": {"name": "Can view group", "content_type": 3, "codename": "view_group"}}, {"model": "auth.permission", "pk": 13, "fields": {"name": "Can add content type", "content_type": 4, "codename": "add_contenttype"}}, {"model": "auth.permission", "pk": 14, "fields": {"name": "Can change content type", "content_type": 4, "codename": "change_contenttype"}}, {"model": "auth.permission", "pk": 15, "fields": {"name": "Can delete content type", "content_type": 4, "codename": "delete_contenttype"}}, {"model": "auth.permission", "pk": 16, "fields": {"name": "Can view content type", "content_type": 4, "codename": "view_contenttype"}}, {"model": "auth.permission", "pk": 17, "fields": {"name": "Can add session", "content_type": 5, "codename": "add_session"}}, {"model": "auth.permission", "pk": 18, "fields": {"name": "Can change session", "content_type": 5, "codename": "change_session"}}, {"model": "auth.permission", "pk": 19, "fields": {"name": "Can delete session", "content_type": 5, "codename": "delete_session"}}, {"model": "auth.permission", "pk": 20, "fields": {"name": "Can view session", "content_type": 5, "codename": "view_session"}}, {"model": "auth.permission", "pk": 21, "fields": {"name": "Can add Token", "content_type": 6, "codename": "add_token"}}, {"model": "auth.permission", "pk": 22, "fields": {"name": "Can change Token", "content_type": 6, "codename": "change_token"}}, {"model": "auth.permission", "pk": 23, "fields": {"name": "Can delete Token", "content_type": 6, "codename": "delete_token"}}, {"model": "auth.permission", "pk": 24, "fields": {"name": "Can view Token", "content_type": 6, "codename": "view_token"}}, {"model": "auth.permission", "pk": 25, "fields": {"name": "Can add token", "content_type": 7, "codename": "add_tokenproxy"}}, {"model": "auth.permission", "pk": 26, "fields": {"name": "Can change token", "content_type": 7, "codename": "change_tokenproxy"}}, {"model": "auth.permission", "pk": 27, "fields": {"name": "Can delete token", "content_type": 7, "codename": "delete_tokenproxy"}}, {"model": "auth.permission", "pk": 28, "fields": {"name": "Can view token", "content_type": 7, "codename": "view_tokenproxy"}}, {"model": "auth.permission", "pk": 29, "fields": {"name": "Can add country code", "content_type": 8, "codename": "add_countrycode"}}, {"model": "auth.permission", "pk": 30, "fields": {"name": "Can change country code", "content_type": 8, "codename": "change_countrycode"}}, {"model": "auth.permission", "pk": 31, "fields": {"name": "Can delete country code", "content_type": 8, "codename": "delete_countrycode"}}, {"model": "auth.permission", "pk": 32, "fields": {"name": "Can view country code", "content_type": 8, "codename": "view_countrycode"}}, {"model": "auth.permission", "pk": 33, "fields": {"name": "Can add User", "content_type": 9, "codename": "add_customuser"}}, {"model": "auth.permission", "pk": 34, "fields": {"name": "Can change User", "content_type": 9, "codename": "change_customuser"}}, {"model": "auth.permission", "pk": 35, "fields": {"name": "Can delete User", "content_type": 9, "codename": "delete_customuser"}}, {"model": "auth.permission", "pk": 36, "fields": {"name": "Can view User", "content_type": 9, "codename": "view_customuser"}}, {"model": "auth.permission", "pk": 37, "fields": {"name": "Can add Cart", "content_type": 10, "codename": "add_cart"}}, {"model": "auth.permission", "pk": 38, "fields": {"name": "Can change Cart", "content_type": 10, "codename": "change_cart"}}, {"model": "auth.permission", "pk": 39, "fields": {"name": "Can delete Cart", "content_type": 10, "codename": "delete_cart"}}, {"model": "auth.permission", "pk": 40, "fields": {"name": "Can view Cart", "content_type": 10, "codename": "view_cart"}}, {"model": "auth.permission", "pk": 41, "fields": {"name": "Can add category", "content_type": 11, "codename": "add_category"}}, {"model": "auth.permission", "pk": 42, "fields": {"name": "Can change category", "content_type": 11, "codename": "change_category"}}, {"model": "auth.permission", "pk": 43, "fields": {"name": "Can delete category", "content_type": 11, "codename": "delete_category"}}, {"model": "auth.permission", "pk": 44, "fields": {"name": "Can view category", "content_type": 11, "codename": "view_category"}}, {"model": "auth.permission", "pk": 45, "fields": {"name": "Can add order", "content_type": 12, "codename": "add_order"}}, {"model": "auth.permission", "pk": 46, "fields": {"name": "Can change order", "content_type": 12, "codename": "change_order"}}, {"model": "auth.permission", "pk": 47, "fields": {"name": "Can delete order", "content_type": 12, "codename": "delete_order"}}, {"model": "auth.permission", "pk": 48, "fields": {"name": "Can view order", "content_type": 12, "codename": "view_order"}}, {"model": "auth.permission", "pk": 49, "fields": {"name": "Can add Order Product", "content_type": 13, "codename": "add_orderproduct"}}, {"model": "auth.permission", "pk": 50, "fields": {"name": "Can change Order Product", "content_type": 13, "codename": "change_orderproduct"}}, {"model": "auth.permission", "pk": 51, "fields": {"name": "Can delete Order Product", "content_type": 13, "codename": "delete_orderproduct"}}, {"model": "auth.permission", "pk": 52, "fields": {"name": "Can view Order Product", "content_type": 13, "codename": "view_orderproduct"}}, {"model": "auth.permission", "pk": 53, "fields": {"name": "Can add Product", "content_type": 14, "codename": "add_product"}}, {"model": "auth.permission", "pk": 54, "fields": {"name": "Can change Product", "content_type": 14, "codename": "change_product"}}, {"model": "auth.permission", "pk": 55, "fields": {"name": "Can delete Product", "content_type": 14, "codename": "delete_product"}}, {"model": "auth.permission", "pk": 56, "fields": {"name": "Can view Product", "content_type": 14, "codename": "view_product"}}, {"model": "auth.permission", "pk": 57, "fields": {"name": "Can add product faq", "content_type": 15, "codename": "add_productfaq"}}, {"model": "auth.permission", "pk": 58, "fields": {"name": "Can change product faq", "content_type": 15, "codename": "change_productfaq"}}, {"model": "auth.permission", "pk": 59, "fields": {"name": "Can delete product faq", "content_type": 15, "codename": "delete_productfaq"}}, {"model": "auth.permission", "pk": 60, "fields": {"name": "Can view product faq", "content_type": 15, "codename": "view_productfaq"}}, {"model": "auth.permission", "pk": 61, "fields": {"name": "Can add product review", "content_type": 16, "codename": "add_productreview"}}, {"model": "auth.permission", "pk": 62, "fields": {"name": "Can change product review", "content_type": 16, "codename": "change_productreview"}}, {"model": "auth.permission", "pk": 63, "fields": {"name": "Can delete product review", "content_type": 16, "codename": "delete_productreview"}}, {"model": "auth.permission", "pk": 64, "fields": {"name": "Can view product review", "content_type": 16, "codename": "view_productreview"}}, {"model": "auth.permission", "pk": 65, "fields": {"name": "Can add transaction", "content_type": 17, "codename": "add_transaction"}}, {"model": "auth.permission", "pk": 66, "fields": {"name": "Can change transaction", "content_type": 17, "codename": "change_transaction"}}, {"model": "auth.permission", "pk": 67, "fields": {"name": "Can delete transaction", "content_type": 17, "codename": "delete_transaction"}}, {"model": "auth.permission", "pk": 68, "fields": {"name": "Can view transaction", "content_type": 17, "codename": "view_transaction"}}, {"model": "auth.permission", "pk": 69, "fields": {"name": "Can add User Address", "content_type": 18, "codename": "add_useraddress"}}, {"model": "auth.permission", "pk": 70, "fields": {"name": "Can change User Address", "content_type": 18, "codename": "change_useraddress"}}, {"model": "auth.permission", "pk": 71, "fields": {"name": "Can delete User Address", "content_type": 18, "codename": "delete_useraddress"}}, {"model": "auth.permission", "pk": 72, "fields": {"name": "Can view User Address", "content_type": 18, "codename": "view_useraddress"}}, {"model": "auth.permission", "pk": 73, "fields": {"name": "Can add banner", "content_type": 19, "codename": "add_banner"}}, {"model": "auth.permission", "pk": 74, "fields": {"name": "Can change banner", "content_type": 19, "codename": "change_banner"}}, {"model": "auth.permission", "pk": 75, "fields": {"name": "Can delete banner", "content_type": 19, "codename": "delete_banner"}}, {"model": "auth.permission", "pk": 76, "fields": {"name": "Can view banner", "content_type": 19, "codename": "view_banner"}}, {"model": "auth.permission", "pk": 77, "fields": {"name": "Can add blog", "content_type": 20, "codename": "add_blog"}}, {"model": "auth.permission", "pk": 78, "fields": {"name": "Can change blog", "content_type": 20, "codename": "change_blog"}}, {"model": "auth.permission", "pk": 79, "fields": {"name": "Can delete blog", "content_type": 20, "codename": "delete_blog"}}, {"model": "auth.permission", "pk": 80, "fields": {"name": "Can view blog", "content_type": 20, "codename": "view_blog"}}, {"model": "auth.permission", "pk": 81, "fields": {"name": "Can add review", "content_type": 21, "codename": "add_review"}}, {"model": "auth.permission", "pk": 82, "fields": {"name": "Can change review", "content_type": 21, "codename": "change_review"}}, {"model": "auth.permission", "pk": 83, "fields": {"name": "Can delete review", "content_type": 21, "codename": "delete_review"}}, {"model": "auth.permission", "pk": 84, "fields": {"name": "Can view review", "content_type": 21, "codename": "view_review"}}, {"model": "contenttypes.contenttype", "pk": 1, "fields": {"app_label": "admin", "model": "logentry"}}, {"model": "contenttypes.contenttype", "pk": 2, "fields": {"app_label": "auth", "model": "permission"}}, {"model": "contenttypes.contenttype", "pk": 3, "fields": {"app_label": "auth", "model": "group"}}, {"model": "contenttypes.contenttype", "pk": 4, "fields": {"app_label": "contenttypes", "model": "contenttype"}}, {"model": "contenttypes.contenttype", "pk": 5, "fields": {"app_label": "sessions", "model": "session"}}, {"model": "contenttypes.contenttype", "pk": 6, "fields": {"app_label": "authtoken", "model": "token"}}, {"model": "contenttypes.contenttype", "pk": 7, "fields": {"app_label": "authtoken", "model": "tokenproxy"}}, {"model": "contenttypes.contenttype", "pk": 8, "fields": {"app_label": "user", "model": "countrycode"}}, {"model": "contenttypes.contenttype", "pk": 9, "fields": {"app_label": "user", "model": "customuser"}}, {"model": "contenttypes.contenttype", "pk": 10, "fields": {"app_label": "ecommerce", "model": "cart"}}, {"model": "contenttypes.contenttype", "pk": 11, "fields": {"app_label": "ecommerce", "model": "category"}}, {"model": "contenttypes.contenttype", "pk": 12, "fields": {"app_label": "ecommerce", "model": "order"}}, {"model": "contenttypes.contenttype", "pk": 13, "fields": {"app_label": "ecommerce", "model": "orderproduct"}}, {"model": "contenttypes.contenttype", "pk": 14, "fields": {"app_label": "ecommerce", "model": "product"}}, {"model": "contenttypes.contenttype", "pk": 15, "fields": {"app_label": "ecommerce", "model": "productfaq"}}, {"model": "contenttypes.contenttype", "pk": 16, "fields": {"app_label": "ecommerce", "model": "productreview"}}, {"model": "contenttypes.contenttype", "pk": 17, "fields": {"app_label": "ecommerce", "model": "transaction"}}, {"model": "contenttypes.contenttype", "pk": 18, "fields": {"app_label": "ecommerce", "model": "useraddress"}}, {"model": "contenttypes.contenttype", "pk": 19, "fields": {"app_label": "ecommerce", "model": "banner"}}, {"model": "contenttypes.contenttype", "pk": 20, "fields": {"app_label": "ecommerce", "model": "blog"}}, {"model": "contenttypes.contenttype", "pk": 21, "fields": {"app_label": "ecommerce", "model": "review"}}, {"model": "sessions.session", "pk": "14vzx91rtsc755ejwx4i3v72mreeltpy", "fields": {"session_data": ".eJxVjLsOAiEURP-F2hB5XrC09xvIhQuyaiBZdivjv7ubbKHNFHPOzJsFXJca1pHnMBG7MMFOv13E9MxtB_TAdu889bbMU-S7wg86-K1Tfl0P9--g4qjb2imLoKFkL3w0BcFCcgRgtISonSSI5ISXYHPRxZMRaUuhFGYZz8KxzxfU6Dea:1s4GKc:rNDYW4cyPAKM1CtTMyy_IeQiWDD5h4zcyCBMToWIqoI", "expire_date": "2024-05-21T08:37:50.440Z"}}, {"model": "sessions.session", "pk": "61ihf2cxaht15au8yqu4chmxtk3dm59d", "fields": {"session_data": ".eJxVjLsOAiEURP-F2hB5XrC09xvIhQuyaiBZdivjv7ubbKHNFHPOzJsFXJca1pHnMBG7MMFOv13E9MxtB_TAdu889bbMU-S7wg86-K1Tfl0P9--g4qjb2imLoKFkL3w0BcFCcgRgtISonSSI5ISXYHPRxZMRaUuhFGYZz8KxzxfU6Dea:1rjzBH:mnSp4BAwYHgb3TJPMlyORRbULCTQHME74tZg3zKnR6k", "expire_date": "2024-03-26T10:16:23.785Z"}}, {"model": "sessions.session", "pk": "8s2pu2oc1quxn2g21xjyeoayr72mqml4", "fields": {"session_data": ".eJxVjLsOAiEURP-F2hB5XrC09xvIhQuyaiBZdivjv7ubbKHNFHPOzJsFXJca1pHnMBG7MMFOv13E9MxtB_TAdu889bbMU-S7wg86-K1Tfl0P9--g4qjb2imLoKFkL3w0BcFCcgRgtISonSSI5ISXYHPRxZMRaUuhFGYZz8KxzxfU6Dea:1s2OuS:zKF4_dsB8yeZRDnVybFLeraHj13iCjldHyppbBvEeGo", "expire_date": "2024-05-16T05:23:08.148Z"}}, {"model": "sessions.session", "pk": "f6j75uog4x84mbkloxz83f8ulr6pxw5x", "fields": {"session_data": ".eJxVjLsOAiEURP-F2hB5XrC09xvIhQuyaiBZdivjv7ubbKHNFHPOzJsFXJca1pHnMBG7MMFOv13E9MxtB_TAdu889bbMU-S7wg86-K1Tfl0P9--g4qjb2imLoKFkL3w0BcFCcgRgtISonSSI5ISXYHPRxZMRaUuhFGYZz8KxzxfU6Dea:1rrXO1:WNXuYbcdDn45KE6L8QwZmWBYdyldQIPAlWEIdQpLlyM", "expire_date": "2024-04-16T06:12:45.098Z"}}, {"model": "sessions.session", "pk": "idcjuh7ua0r161mpyxs93jsybuykv10h", "fields": {"session_data": ".eJxVjLsOAiEURP-F2hB5XrC09xvIhQuyaiBZdivjv7ubbKHNFHPOzJsFXJca1pHnMBG7MMFOv13E9MxtB_TAdu889bbMU-S7wg86-K1Tfl0P9--g4qjb2imLoKFkL3w0BcFCcgRgtISonSSI5ISXYHPRxZMRaUuhFGYZz8KxzxfU6Dea:1rpnyA:xflG2e9aSR9cBqS-pCT0pQkVNyasFrAAuNGuUOsZdSw", "expire_date": "2024-04-11T11:30:54.762Z"}}, {"model": "sessions.session", "pk": "iniq6zwa5dh4bq0wb6gjaed28aakfpzi", "fields": {"session_data": ".eJxVjLsOAiEURP-F2hB5XrC09xvIhQuyaiBZdivjv7ubbKHNFHPOzJsFXJca1pHnMBG7MMFOv13E9MxtB_TAdu889bbMU-S7wg86-K1Tfl0P9--g4qjb2imLoKFkL3w0BcFCcgRgtISonSSI5ISXYHPRxZMRaUuhFGYZz8KxzxfU6Dea:1rjYmF:gA0GHVqXhp0pB4w-rn3zs_mpNY8qs9Xqkh5bOZCoH8o", "expire_date": "2024-03-25T06:04:47.169Z"}}, {"model": "sessions.session", "pk": "ma4tvusw6t2hbbe65e8775x3xu9b7ln9", "fields": {"session_data": ".eJxVjLsOAiEURP-F2hB5XrC09xvIhQuyaiBZdivjv7ubbKHNFHPOzJsFXJca1pHnMBG7MMFOv13E9MxtB_TAdu889bbMU-S7wg86-K1Tfl0P9--g4qjb2imLoKFkL3w0BcFCcgRgtISonSSI5ISXYHPRxZMRaUuhFGYZz8KxzxfU6Dea:1s55pd:kY0Njm_rDtYetxDq4FenevCy5xbGk1X7i_GVh24hwE0", "expire_date": "2024-05-23T15:37:17.516Z"}}, {"model": "sessions.session", "pk": "nb1qoh4wfmobp12wodmo4taydr56wdqx", "fields": {"session_data": ".eJxVjLsOAiEURP-F2hB5XrC09xvIhQuyaiBZdivjv7ubbKHNFHPOzJsFXJca1pHnMBG7MMFOv13E9MxtB_TAdu889bbMU-S7wg86-K1Tfl0P9--g4qjb2imLoKFkL3w0BcFCcgRgtISonSSI5ISXYHPRxZMRaUuhFGYZz8KxzxfU6Dea:1s5LnH:cGiVoN-5HHpDm96ZmMInBXxiPrewfJjyTJBxK3ubQZc", "expire_date": "2024-05-24T08:39:55.205Z"}}, {"model": "authtoken.token", "pk": "050d582dad59ac9aa3ee9c874b9a81dc8a2c0087", "fields": {"user": 4, "created": "2024-03-29T06:19:46.195Z"}}, {"model": "authtoken.token", "pk": "11dbdb94dcebdd5c75f02196a40192079e19a1b8", "fields": {"user": 19, "created": "2024-04-01T05:47:30.800Z"}}, {"model": "authtoken.token", "pk": "96d6c9c6bab10c2130d37201bf0f3f729116a7f7", "fields": {"user": 20, "created": "2024-05-05T10:29:49.475Z"}}, {"model": "authtoken.token", "pk": "99305b258dcc6500e6e44aea2926def0fbae6026", "fields": {"user": 1, "created": "2024-05-09T14:33:58.974Z"}}, {"model": "authtoken.token", "pk": "d1c3752f47779f3da7deb1df436398f1b28f289d", "fields": {"user": 16, "created": "2024-03-30T15:21:36.830Z"}}, {"model": "authtoken.token", "pk": "dcaec17f0a7977710c7ff7c03ebb393217be9bd2", "fields": {"user": 23, "created": "2024-05-09T14:24:14.266Z"}}, {"model": "authtoken.token", "pk": "ea112c39243f642b6eada3fa7bfa62776258fcd2", "fields": {"user": 2, "created": "2024-03-17T04:14:55.472Z"}}, {"model": "authtoken.token", "pk": "f061405f31f3950cff7cc6a9f509f1d447e1a57e", "fields": {"user": 21, "created": "2024-05-06T05:45:03.834Z"}}, {"model": "user.customuser", "pk": 1, "fields": {"last_login": "2024-05-10T08:39:55.161Z", "is_superuser": true, "is_staff": true, "date_joined": "2024-03-11T05:41:48.107Z", "email": "admin@gmail.com", "dialing_code": "+91", "mobile_number": null, "password": "pbkdf2_sha256$600000$86Jid0Gr9bp1jbRyXTQd8c$9N5tF3rMgLKtjjr6OPf/YN5434mNo8KX10KOE5eCk/Q=", "name": "Admin", "otp": "699163", "image": "default.png", "login_method": "SITE", "social_id": null, "is_active": true, "updated_at": "2024-05-09T14:33:58.976Z", "groups": [], "user_permissions": []}}, {"model": "user.customuser", "pk": 2, "fields": {"last_login": "2024-05-01T02:52:30.836Z", "is_superuser": false, "is_staff": false, "date_joined": "2024-03-17T04:13:07.455Z", "email": "pankajsinghpank9229@gmail.com", "dialing_code": "+91", "mobile_number": "8770756921", "password": "pbkdf2_sha256$600000$Lt29w1eUDERdUeP7lOiP29$yndznqVxnGS+/AgXvj1Xq+rrmeP6OVU8UtUH6rX+2mk=", "name": "Pankaj singh", "otp": "994694", "image": "default.png", "login_method": "SITE", "social_id": null, "is_active": true, "updated_at": "2024-05-01T02:52:30.836Z", "groups": [], "user_permissions": []}}, {"model": "user.customuser", "pk": 3, "fields": {"last_login": "2024-03-29T06:10:23.506Z", "is_superuser": false, "is_staff": false, "date_joined": "2024-03-29T06:10:23.298Z", "email": "priyanshu1@wooshelf.com", "dialing_code": "+91", "mobile_number": "7027909107", "password": "pbkdf2_sha256$600000$iNpws3p0cqI09avEe6AMnn$4E5VWn5fZh0cm5RdnNTKKjneoPRkShZRenWFaX5volI=", "name": "Pri", "otp": "886112", "image": "default.png", "login_method": "SITE", "social_id": null, "is_active": false, "updated_at": "2024-03-29T06:10:23.506Z", "groups": [], "user_permissions": []}}, {"model": "user.customuser", "pk": 4, "fields": {"last_login": "2024-03-29T06:19:46.198Z", "is_superuser": false, "is_staff": false, "date_joined": "2024-03-29T06:18:16.262Z", "email": "pankajsinghpank123@gmail.com", "dialing_code": "+91", "mobile_number": "7027909107", "password": "pbkdf2_sha256$600000$82lGVP9hOj2H3LCdKFRsTY$0ew12ncj34lLyT+DVcAv6WH3ct6r3lRO0FO9zDy4gzU=", "name": "Pri", "otp": "956681", "image": "default.png", "login_method": "SITE", "social_id": null, "is_active": true, "updated_at": "2024-03-29T06:19:46.198Z", "groups": [], "user_permissions": []}}, {"model": "user.customuser", "pk": 11, "fields": {"last_login": "2024-03-29T09:27:29.318Z", "is_superuser": false, "is_staff": false, "date_joined": "2024-03-29T09:27:29.104Z", "email": "vopomab134@glaslack.com", "dialing_code": "+91", "mobile_number": "8998767878", "password": "pbkdf2_sha256$600000$MbtNRoBOfnJwhik0jQLtnT$p3PQS8H47yU9sYh8tAaTEhRRLHnbo/M4hYIi1CwF5Vo=", "name": "Pankaj", "otp": "460759", "image": "default.png", "login_method": "SITE", "social_id": null, "is_active": true, "updated_at": "2024-03-29T09:35:03.007Z", "groups": [], "user_permissions": []}}, {"model": "user.customuser", "pk": 14, "fields": {"last_login": "2024-03-30T02:46:12.600Z", "is_superuser": false, "is_staff": false, "date_joined": "2024-03-30T02:46:12.391Z", "email": "mekal56792@glaslack.com", "dialing_code": "+91", "mobile_number": "8787656567", "password": "pbkdf2_sha256$600000$SRjPUfHXHQw9xrWjOwmeEE$ayEASivFDQhtahFW5D8lNovqCFKFucl+UK/WkwyNnwE=", "name": "Pankaj", "otp": "146056", "image": "default.png", "login_method": "SITE", "social_id": null, "is_active": true, "updated_at": "2024-03-30T02:46:57.138Z", "groups": [], "user_permissions": []}}, {"model": "user.customuser", "pk": 16, "fields": {"last_login": "2024-03-31T12:22:56.462Z", "is_superuser": false, "is_staff": false, "date_joined": "2024-03-30T15:20:39.207Z", "email": "ankitsin8853@gmail.com", "dialing_code": "+91", "mobile_number": "8853030722", "password": "pbkdf2_sha256$600000$nikbol5LarDHx6icOlma3v$S9Q1L41iCM1Gk/5djinSLNw2q05s3Trvt5DegjpypUo=", "name": "Ankit Singh", "otp": "714469", "image": "default.png", "login_method": "SITE", "social_id": null, "is_active": true, "updated_at": "2024-03-31T12:22:56.462Z", "groups": [], "user_permissions": []}}, {"model": "user.customuser", "pk": 18, "fields": {"last_login": "2024-03-31T12:21:20.966Z", "is_superuser": false, "is_staff": false, "date_joined": "2024-03-31T12:21:20.764Z", "email": "ankitsin95@gmail.com", "dialing_code": "+91", "mobile_number": "8853030722", "password": "pbkdf2_sha256$600000$ub6XtXSIozbQNHo8SH3fYH$bHWtdui5bkYFjl87Ebia4mRgV4u99YJpD+Neo4SpqMs=", "name": "Ankit", "otp": "200750", "image": "default.png", "login_method": "SITE", "social_id": null, "is_active": true, "updated_at": "2024-03-31T12:21:39.990Z", "groups": [], "user_permissions": []}}, {"model": "user.customuser", "pk": 19, "fields": {"last_login": "2024-04-01T05:47:30.802Z", "is_superuser": false, "is_staff": false, "date_joined": "2024-04-01T05:46:14.243Z", "email": "rajendras@wooshelf.com", "dialing_code": "+91", "mobile_number": "7024909108", "password": "pbkdf2_sha256$600000$bl6jIF6JLJuFXVqLBb0zio$Q391xmwfVCNQ4bQdRPcp3ZEAUkY3aAVvsk0kEBAxms4=", "name": "Raj", "otp": "698572", "image": "default.png", "login_method": "SITE", "social_id": null, "is_active": true, "updated_at": "2024-04-01T06:06:03.810Z", "groups": [], "user_permissions": []}}, {"model": "user.customuser", "pk": 20, "fields": {"last_login": "2024-05-10T07:41:18.418Z", "is_superuser": false, "is_staff": false, "date_joined": "2024-05-05T10:28:31.743Z", "email": "jyotisinghank9229@gmail.com", "dialing_code": "+91", "mobile_number": "8770756921", "password": "pbkdf2_sha256$600000$5rmlfAMxiZ7BNIYYu2aT5y$XLsvLyTnALPTTIjtjz1lI0UggnDl6jhiBRW/x+vb/jo=", "name": "Pankaj singh", "otp": "548539", "image": "default.png", "login_method": "SITE", "social_id": null, "is_active": true, "updated_at": "2024-05-10T07:41:18.418Z", "groups": [], "user_permissions": []}}, {"model": "user.customuser", "pk": 21, "fields": {"last_login": "2024-05-06T05:45:03.836Z", "is_superuser": false, "is_staff": false, "date_joined": "2024-05-06T05:44:05.115Z", "email": "priyanshu@yopmail.com", "dialing_code": "+91", "mobile_number": "9144882339", "password": "pbkdf2_sha256$600000$WoScv8gsLogtV8LMsnWvDb$+gTsQXnl5AcetfNGZ6e4P7TTNxy07TlWXLPGWlzwcng=", "name": "Priyanshu shah", "otp": "914378", "image": "default.png", "login_method": "SITE", "social_id": null, "is_active": true, "updated_at": "2024-05-06T05:45:03.836Z", "groups": [], "user_permissions": []}}, {"model": "user.customuser", "pk": 23, "fields": {"last_login": "2024-05-09T15:17:38.064Z", "is_superuser": false, "is_staff": false, "date_joined": "2024-05-09T14:23:30.150Z", "email": "ankitsin0695@gmail.com", "dialing_code": "+91", "mobile_number": "8853030722", "password": "pbkdf2_sha256$600000$dELi74frgtNWLcFnPk7Gn7$Oy26ntAKxfkEYjKNU3L27ZYoUnzoGs+6L1bXfbVFKYE=", "name": "Ankit", "otp": "546217", "image": "default.png", "login_method": "SITE", "social_id": null, "is_active": true, "updated_at": "2024-05-09T15:17:38.065Z", "groups": [], "user_permissions": []}}, {"model": "user.customuser", "pk": 24, "fields": {"last_login": "2024-05-10T08:30:48.337Z", "is_superuser": true, "is_staff": true, "date_joined": "2024-05-10T08:30:48.112Z", "email": "admin@yopmail.com", "dialing_code": "+91", "mobile_number": null, "password": "pbkdf2_sha256$600000$klAFHrJNd0vijhbxtxd8Cv$OLNloCgRY78BfWKYMxpfCpawPhj3xFmbrGYmMAHCfe0=", "name": "Admin", "otp": "716755", "image": "default.png", "login_method": "SITE", "social_id": null, "is_active": true, "updated_at": "2024-05-10T08:30:48.337Z", "groups": [], "user_permissions": []}}, {"model": "user.countrycode", "pk": 1, "fields": {"name": "India", "dialing_code": "+91", "country_code": "IN", "created_at": "2024-03-17T03:57:15.496Z"}}, {"model": "ecommerce.banner", "pk": 2, "fields": {"page": "HOME", "use_for": "MOBILE", "image": "WhatsApp_Image_2024-03-06_at_5.47.56_PM_1_1.jpeg", "title": "home"}}, {"model": "ecommerce.banner", "pk": 3, "fields": {"page": "PRODUCT LISTING", "use_for": "MOBILE", "image": "Buy_Zambian_Emeralds_1.jpg", "title": "Natural"}}, {"model": "ecommerce.banner", "pk": 4, "fields": {"page": "HOME", "use_for": "DESKTOP", "image": "money_bracelet_-_desktop_11zon_1_.jpg", "title": "Banner"}}, {"model": "ecommerce.banner", "pk": 5, "fields": {"page": "PRODUCT LISTING", "use_for": "DESKTOP", "image": "wedding_april__Banner_1400_x_400__1527378459168470287.webp", "title": "Bannersecond"}}, {"model": "ecommerce.useraddress", "pk": 5, "fields": {"created_at": "2024-03-18T09:43:19.905Z", "updated_at": "2024-05-01T06:27:01.741Z", "user": 2, "name": null, "mobile_number": null, "alt_mobile_number": null, "email": null, "house_number": "787", "street": "jaypeesecond", "city": "Indore", "state": "Up", "zip_code": "48", "country": "india", "is_default": false}}, {"model": "ecommerce.useraddress", "pk": 7, "fields": {"created_at": "2024-03-30T05:47:32.818Z", "updated_at": "2024-05-01T05:29:41.130Z", "user": 2, "name": null, "mobile_number": null, "alt_mobile_number": null, "email": null, "house_number": null, "street": "jaypee", "city": "Indore", "state": "Up", "zip_code": "48", "country": "india", "is_default": false}}, {"model": "ecommerce.useraddress", "pk": 8, "fields": {"created_at": "2024-03-30T06:05:22.508Z", "updated_at": "2024-05-02T05:27:50.747Z", "user": 2, "name": "panksjingh", "mobile_number": "9898787876", "alt_mobile_number": null, "email": "panksj@gmail.com", "house_number": "345", "street": "jaypee", "city": "rewa", "state": "mp", "zip_code": "486250", "country": "indi9090", "is_default": false}}, {"model": "ecommerce.useraddress", "pk": 9, "fields": {"created_at": "2024-03-30T15:21:59.255Z", "updated_at": "2024-05-05T12:32:12.063Z", "user": 16, "name": "Ankit Singh", "mobile_number": "08853030722", "alt_mobile_number": null, "email": "ankitsin8853@gmail.com", "house_number": null, "street": "N/0007, today home rigd residency", "city": "noida", "state": "Uttar Pradesh", "zip_code": "201305", "country": "India", "is_default": false}}, {"model": "ecommerce.useraddress", "pk": 10, "fields": {"created_at": "2024-03-30T15:22:04.262Z", "updated_at": "2024-03-30T15:22:04.262Z", "user": 16, "name": "Ankit Singh", "mobile_number": "08853030722", "alt_mobile_number": null, "email": "ankitsin8853@gmail.com", "house_number": null, "street": "N/0007, today home rigd residency", "city": "noida", "state": "Uttar Pradesh", "zip_code": "201305", "country": "India", "is_default": false}}, {"model": "ecommerce.useraddress", "pk": 11, "fields": {"created_at": "2024-05-05T10:34:53.093Z", "updated_at": "2024-05-06T10:32:07.404Z", "user": 20, "name": "Pankaj singh", "mobile_number": "8770756921", "alt_mobile_number": null, "email": "Pankajsinghpank9229@gmail.com", "house_number": null, "street": "jaypee nagar second", "city": "rewa", "state": "mp", "zip_code": "486450", "country": "india", "is_default": false}}, {"model": "ecommerce.useraddress", "pk": 12, "fields": {"created_at": "2024-05-06T10:33:12.448Z", "updated_at": "2024-05-06T10:33:12.448Z", "user": 20, "name": "Ankit", "mobile_number": "9098787678", "alt_mobile_number": null, "email": "Pankajsinghpank9229@gmail.com", "house_number": null, "street": "jaypee", "city": "rewa", "state": "mp", "zip_code": "486450", "country": "india", "is_default": false}}, {"model": "ecommerce.useraddress", "pk": 13, "fields": {"created_at": "2024-05-06T11:41:28.864Z", "updated_at": "2024-05-06T11:41:28.864Z", "user": 20, "name": "Shivam", "mobile_number": "9098789878", "alt_mobile_number": null, "email": "PAnkajsinghpank9229@gmail.com", "house_number": null, "street": "Indore", "city": "inodre", "state": "inodre", "zip_code": "898799", "country": "inodre", "is_default": false}}, {"model": "ecommerce.useraddress", "pk": 14, "fields": {"created_at": "2024-05-09T14:24:47.776Z", "updated_at": "2024-05-09T14:24:47.776Z", "user": 23, "name": "ankit", "mobile_number": "676474672667", "alt_mobile_number": null, "email": "admin@gmail.com", "house_number": null, "street": "delhi", "city": "delhi", "state": "delhi", "zip_code": "212106", "country": "india", "is_default": false}}, {"model": "ecommerce.useraddress", "pk": 15, "fields": {"created_at": "2024-05-09T14:35:04.087Z", "updated_at": "2024-05-09T14:35:04.087Z", "user": 1, "name": "nhjh", "mobile_number": "9144882339", "alt_mobile_number": null, "email": "kj@gmail.com", "house_number": null, "street": "k", "city": "jk", "state": "jk", "zip_code": "486886", "country": "j", "is_default": false}}, {"model": "ecommerce.category", "pk": 1, "fields": {"created_at": "2024-03-17T04:25:15.993Z", "updated_at": "2024-03-28T13:42:03.008Z", "name": "Elegant Sapphire Ring", "description": "A repository contains all of your project's files, revision history, and collaborator discussion.", "image": "category/JR07299-1YP900_11_listfront.png"}}, {"model": "ecommerce.category", "pk": 2, "fields": {"created_at": "2024-03-17T04:31:58.364Z", "updated_at": "2024-03-28T13:41:46.348Z", "name": "Diamond Infinity Ring", "description": "Diamond Infinity Ring Diamond Infinity Ring", "image": "category/JR07735-YGP9P0_11_listfront.png"}}, {"model": "ecommerce.category", "pk": 3, "fields": {"created_at": "2024-03-28T13:40:02.186Z", "updated_at": "2024-03-28T13:40:02.186Z", "name": "Pyrite Raw Rough", "description": "", "image": "category/JR07928-1RP9R0_11_listfront.png"}}, {"model": "ecommerce.category", "pk": 4, "fields": {"created_at": "2024-03-28T13:41:11.344Z", "updated_at": "2024-03-28T13:41:11.344Z", "name": "Turquoise Bracelet", "description": "", "image": "category/JR07360-1YP900_11_listfront.png"}}, {"model": "ecommerce.product", "pk": 1, "fields": {"created_at": "2024-03-17T04:36:18.556Z", "updated_at": "2024-03-17T04:36:18.556Z", "category": 2, "name": "Ruby Heart Ring", "sub_name": "Ruby Heart Ring", "description": "Share information about yourself by creating a profile README, which appears at the top of your profile page.", "price": 400.0, "discount_price": 40.0, "stock": 30, "image1": "products/photo-1591209627710-d2427565a41f.jpg", "image2": "products/photo-1589207212797-cfd546dea0fe.jpg", "image3": "products/photo-1622398925373-3f91b1e275f5.jpg", "image4": "product-default.jpg", "image5": "product-default.jpg", "benefits": "<p><br><span style=\"background-color:rgb(255,255,255);color:rgb(9,105,218);\"><u>Dependabot will now pause scheduled jobs after 15 failures</u></span></p>", "cons": "<p><a href=\"https://github.blog/changelog/2024-03-14-sponsors-now-supports-polar-and-buy-me-a-coffee-as-funding-platform-options\">Sponsors now supports Polar and Buy Me a Coffee as funding platform options</a></p><p style=\"margin-left:-15.5px;\">&nbsp;</p><p><br>&nbsp;</p>", "how_to_use": "<p><span style=\"background-color:rgb(255,255,255);color:rgb(101,109,118);\">which suggests entire functions in real time, right from your editor.</span></p>", "availability": "IN STOCK", "status": true, "is_featured": false, "is_new_arrival": false}}, {"model": "ecommerce.product", "pk": 2, "fields": {"created_at": "2024-03-17T05:12:51.728Z", "updated_at": "2024-03-17T05:12:51.728Z", "category": 1, "name": "Golden Vintage Ring", "sub_name": "Vintage Ring", "description": "Golden Vintage Ring Golden Vintage Ring Golden Vintage Ring", "price": 200.0, "discount_price": 30.0, "stock": 50, "image1": "products/photo-1589207212797-cfd546dea0fe_Y2p7KeU.jpg", "image2": "product-default.jpg", "image3": "product-default.jpg", "image4": "product-default.jpg", "image5": "product-default.jpg", "benefits": "<p><span style=\"background-color:rgb(255,255,255);color:rgb(13,13,13);\">We include the token in the request headers using the </span><strong>headers</strong><span style=\"background-color:rgb(255,255,255);color:rgb(13,13,13);\"> property of the Axios config&nbsp;</span></p>", "cons": "<p><span style=\"background-color:rgb(255,255,255);color:rgb(13,13,13);\">The token is added to the </span><strong>Authorization</strong><span style=\"background-color:rgb(255,255,255);color:rgb(13,13,13);\"> header as </span><strong>Token YOUR_TOKEN_HERE</strong><span style=\"background-color:rgb(255,255,255);color:rgb(13,13,13);\">.</span></p>", "how_to_use": "<p><br><span style=\"background-color:rgb(255,255,255);color:rgb(13,13,13);\">It seems like you're trying to pass the token as a separate argument in the </span><strong>axios.get</strong><span style=\"background-color:rgb(255,255,255);color:rgb(13,13,13);\"> method, but the correct way to include authentication credentials in Axios is by specifying them in the&nbsp;</span></p>", "availability": "IN STOCK", "status": true, "is_featured": true, "is_new_arrival": false}}, {"model": "ecommerce.product", "pk": 3, "fields": {"created_at": "2024-03-28T13:46:10.359Z", "updated_at": "2024-03-28T13:51:21.631Z", "category": 4, "name": "Blue Sapphire - 2.66", "sub_name": "Blue Sapphire", "description": "Home. Diamond. Rings. BRANDS. PRODUCT TYPE. STOCK STATUS. Price. More Filters. SORT BY. ₹ 14,108. SKU : FRPDGEN22385. Fast Shipping.", "price": 700.0, "discount_price": 10.0, "stock": 45, "image1": "products/JR07299-1YP900_11_listfront_bvtg7Qo.png", "image2": "products/JR07360-1YP900_11_listfront.png", "image3": "products/JR07735-YGP9P0_11_listfront.png", "image4": "products/JR08027-1YP900_11_listfront.png", "image5": "products/JR07299-1YP900_11_listfront.png", "benefits": "<p><span style=\"background-color:rgb(255,255,255);color:rgb(77,81,86);\">Cocktail rings&nbsp;first became stylish in the 1930s and became prominent through the 1940s and 1950s. Cocktail Rings are always designed with bigger Stone or Motif in the center and surrounded by smaller diamonds or colour stones. It’s a standalone piece, as one can simply wear the single big “Ring” as the only</span></p>", "cons": "<p><span style=\"background-color:rgb(255,255,255);color:rgb(77,81,86);\">Tanishq – Shop the best gold and diamond jewellery designs from India’s favorite online jewellery store. Collections. More. Earrings. Gold Coins. Finger </span><strong>Rings</strong><span style=\"background-color:rgb(255,255,255);color:rgb(77,81,86);\">. Bracelets. Pendants. Bangles. Nose</span></p>", "how_to_use": "<p style=\"margin-left:0px;\"><span style=\"color:rgb(77,81,86);\">Amazon.in: <strong>Buy</strong> <strong>Rings</strong> online at lowest price in India on Amazon.in. Explore a range of <strong>rings</strong> includes statement <strong>rings</strong>, cocktail <strong>rings</strong>, semi-precious <strong>rings</strong> or shop for simpler silver <strong>rings</strong> with elegant swarovski, gold plated, silver, american diamond <strong>rings</strong> &amp; more from brands like Addon, Ayesha, Guess, Isharya, Ivory Tag, Juvalia, Peora, Tribal ...</span></p><p style=\"margin-left:0px;\"><br>&nbsp;</p>", "availability": "IN STOCK", "status": true, "is_featured": false, "is_new_arrival": false}}, {"model": "ecommerce.product", "pk": 4, "fields": {"created_at": "2024-03-28T13:49:34.541Z", "updated_at": "2024-03-28T13:54:38.851Z", "category": 4, "name": "Blue Sapphire", "sub_name": "Blue Sapphire", "description": "Natural & Certified Blue Sapphire (Neelam) from Burma weighing 6.34 carats (7.04 ratti)", "price": 699.0, "discount_price": 99.0, "stock": 70, "image1": "products/JR07928-1RP9R0_11_listfront_hqEH0xF.png", "image2": "products/JR07360-1YP900_11_listfront_ki5ckKz.png", "image3": "products/JR07735-YGP9P0_11_listfront_hr3TDC6.png", "image4": "products/JR08027-1YP900_11_listfront_XczEzA2.png", "image5": "products/JR07299-1YP900_11_listfront_hXyFqd9.png", "benefits": "<p><span style=\"background-color:rgb(255,255,255);color:rgb(77,81,86);\">Amazon.in: </span><strong>Buy</strong><span style=\"background-color:rgb(255,255,255);color:rgb(77,81,86);\"> </span><strong>Rings</strong><span style=\"background-color:rgb(255,255,255);color:rgb(77,81,86);\"> online at lowest price in India on Amazon.in. Explore a range of </span><strong>rings</strong><span style=\"background-color:rgb(255,255,255);color:rgb(77,81,86);\"> includes statement </span><strong>rings</strong><span style=\"background-color:rgb(255,255,255);color:rgb(77,81,86);\">, cocktail </span><strong>rings</strong><span style=\"background-color:rgb(255,255,255);color:rgb(77,81,86);\">, semi-precious </span><strong>rings</strong><span style=\"background-color:rgb(255,255,255);color:rgb(77,81,86);\"> or shop for simpler silver </span><strong>rings</strong><span style=\"background-color:rgb(255,255,255);color:rgb(77,81,86);\"> with elegant</span></p>", "cons": "<p style=\"margin-left:0px;\"><span style=\"color:rgb(77,81,86);\">Tanishq – Shop the best gold and diamond jewellery designs from India’s favorite online jewellery store. Collections. More. Earrings. Gold Coins. Finger <strong>Rings</strong>. Bracelets. Pendants. Bangles. Nose Pins. Neckwear. Mangalsutras. Necklace Set. Chains. Pendant Sets. Explore More. Explore Now. Find Your <strong>Ring</strong> Size. Explore Blog. The Jewellery Care Guide.</span></p><h3 style=\"margin-left:0px;\">&nbsp;</h3><p><br>&nbsp;</p>", "how_to_use": "<p style=\"margin-left:0px;\"><span style=\"color:rgb(77,81,86);\">Home. Diamond.<strong> Rings</strong>. BRANDS. PRODUCT TYPE. STOCK STATUS. Price. More Filters. SORT BY. ₹ 14,108. SKU : FRPDGEN22385. Fast Shipping. ₹ 12,463. SKU : FRPDGEN22384. ₹ 14,216. SKU : FRPDGEN22373. ₹ 10,318. SKU : FRPDGEN22369. Lifetime. Maintenance. Your Jewellery. is Insured. 14 Days. Return Policy. Complete Transparency. Easy. Exchange. Certified.</span></p><h3 style=\"margin-left:0px;\">&nbsp;</h3><p><br>&nbsp;</p>", "availability": "IN STOCK", "status": true, "is_featured": false, "is_new_arrival": false}}, {"model": "ecommerce.productreview", "pk": 1, "fields": {"created_at": "2024-03-18T04:08:36.006Z", "updated_at": "2024-03-18T04:08:36.006Z", "product": 2, "user": 2, "rating": 5, "review": "yus f87ft 7etf 8t", "status": true}}, {"model": "ecommerce.productreview", "pk": 2, "fields": {"created_at": "2024-03-18T04:09:09.675Z", "updated_at": "2024-03-18T04:09:09.675Z", "product": 2, "user": 2, "rating": 5, "review": "appearance, as well as the showing and hiding via CSS transitions. You can modify any of this with custom CSS or overriding our default variables. It's also worth noting that just about any", "status": true}}, {"model": "ecommerce.productreview", "pk": 3, "fields": {"created_at": "2024-03-18T04:09:28.947Z", "updated_at": "2024-03-18T04:09:28.947Z", "product": 2, "user": 2, "rating": 5, "review": "appearance, as well as the showing and hiding via CSS transitions. You can modify any of this with custom CSS or overriding our default variables. It's also worth noting that just about any", "status": true}}, {"model": "ecommerce.cart", "pk": 61, "fields": {"created_at": "2024-05-06T05:45:49.125Z", "updated_at": "2024-05-06T05:45:49.125Z", "user": 21, "product": 2, "quantity": 1}}, {"model": "ecommerce.cart", "pk": 62, "fields": {"created_at": "2024-05-06T09:13:32.513Z", "updated_at": "2024-05-06T09:13:32.513Z", "user": 16, "product": 4, "quantity": 1}}, {"model": "ecommerce.cart", "pk": 88, "fields": {"created_at": "2024-05-09T15:17:53.790Z", "updated_at": "2024-05-09T15:17:53.790Z", "user": 23, "product": 4, "quantity": 1}}, {"model": "ecommerce.cart", "pk": 98, "fields": {"created_at": "2024-05-10T08:09:32.736Z", "updated_at": "2024-05-10T08:09:32.736Z", "user": 20, "product": 4, "quantity": 1}}, {"model": "ecommerce.order", "pk": 1, "fields": {"created_at": "2024-03-29T04:26:00.830Z", "updated_at": "2024-03-29T04:26:00.833Z", "user": 2, "total_price": 4400.0, "status": "PENDING", "delivery_address": "24, Khutar, Wiahn, Singrauli MP", "delivery_zip_code": "486886", "cancelation_reason": null, "payment_screentshot": ""}}, {"model": "ecommerce.order", "pk": 2, "fields": {"created_at": "2024-03-29T04:27:20.956Z", "updated_at": "2024-03-29T04:27:20.958Z", "user": 2, "total_price": 5598.0, "status": "PENDING", "delivery_address": "24, Khutar, Wiahn, Singrauli MP", "delivery_zip_code": "486886", "cancelation_reason": null, "payment_screentshot": ""}}, {"model": "ecommerce.order", "pk": 3, "fields": {"created_at": "2024-03-29T04:32:34.479Z", "updated_at": "2024-03-29T04:32:34.481Z", "user": 2, "total_price": 200.0, "status": "PENDING", "delivery_address": "24, Khutar, Wiahn, Singrauli MP", "delivery_zip_code": "486886", "cancelation_reason": null, "payment_screentshot": ""}}, {"model": "ecommerce.order", "pk": 4, "fields": {"created_at": "2024-03-29T04:34:11.220Z", "updated_at": "2024-03-29T04:34:11.222Z", "user": 2, "total_price": 1600.0, "status": "PENDING", "delivery_address": "24, Khutar, Wiahn, Singrauli MP", "delivery_zip_code": "486886", "cancelation_reason": null, "payment_screentshot": ""}}, {"model": "ecommerce.order", "pk": 5, "fields": {"created_at": "2024-03-29T04:40:54.177Z", "updated_at": "2024-03-29T04:40:54.179Z", "user": 2, "total_price": 699.0, "status": "PENDING", "delivery_address": "24, Khutar, Wiahn, Singrauli MP", "delivery_zip_code": "486886", "cancelation_reason": null, "payment_screentshot": ""}}, {"model": "ecommerce.order", "pk": 6, "fields": {"created_at": "2024-03-29T04:44:13.636Z", "updated_at": "2024-03-29T04:44:13.638Z", "user": 2, "total_price": 699.0, "status": "PENDING", "delivery_address": "24, Khutar, Wiahn, Singrauli MP", "delivery_zip_code": "486886", "cancelation_reason": null, "payment_screentshot": ""}}, {"model": "ecommerce.order", "pk": 7, "fields": {"created_at": "2024-03-29T04:50:42.070Z", "updated_at": "2024-03-29T04:50:42.073Z", "user": 2, "total_price": 400.0, "status": "PENDING", "delivery_address": "24, Khutar, Wiahn, Singrauli MP", "delivery_zip_code": "486886", "cancelation_reason": null, "payment_screentshot": ""}}, {"model": "ecommerce.order", "pk": 8, "fields": {"created_at": "2024-03-29T04:54:48.668Z", "updated_at": "2024-03-29T04:54:48.670Z", "user": 2, "total_price": 400.0, "status": "PENDING", "delivery_address": "24, Khutar, Wiahn, Singrauli MP", "delivery_zip_code": "486886", "cancelation_reason": null, "payment_screentshot": ""}}, {"model": "ecommerce.order", "pk": 9, "fields": {"created_at": "2024-03-29T05:24:13.979Z", "updated_at": "2024-03-29T05:24:13.981Z", "user": 2, "total_price": 4197.0, "status": "PENDING", "delivery_address": "24, Khutar, Wiahn, Singrauli MP", "delivery_zip_code": "486886", "cancelation_reason": null, "payment_screentshot": ""}}, {"model": "ecommerce.order", "pk": 10, "fields": {"created_at": "2024-03-29T05:54:48.669Z", "updated_at": "2024-03-29T05:54:48.671Z", "user": 2, "total_price": 1099.0, "status": "PENDING", "delivery_address": "24, Khutar, Wiahn, Singrauli MP", "delivery_zip_code": "486886", "cancelation_reason": null, "payment_screentshot": ""}}, {"model": "ecommerce.order", "pk": 11, "fields": {"created_at": "2024-03-29T13:18:56.070Z", "updated_at": "2024-03-29T13:18:56.072Z", "user": 2, "total_price": 9093.0, "status": "PENDING", "delivery_address": "24, Khutar, Wiahn, Singrauli MP", "delivery_zip_code": "486886", "cancelation_reason": null, "payment_screentshot": ""}}, {"model": "ecommerce.order", "pk": 12, "fields": {"created_at": "2024-03-30T05:56:07.018Z", "updated_at": "2024-03-30T05:56:07.020Z", "user": 2, "total_price": 3196.0, "status": "PENDING", "delivery_address": "24, Khutar, Wiahn, Singrauli MP", "delivery_zip_code": "486886", "cancelation_reason": null, "payment_screentshot": ""}}, {"model": "ecommerce.order", "pk": 13, "fields": {"created_at": "2024-03-30T06:05:22.620Z", "updated_at": "2024-03-30T06:05:22.622Z", "user": 2, "total_price": 699.0, "status": "PENDING", "delivery_address": "24, Khutar, Wiahn, Singrauli MP", "delivery_zip_code": "486886", "cancelation_reason": null, "payment_screentshot": ""}}, {"model": "ecommerce.order", "pk": 14, "fields": {"created_at": "2024-03-30T06:12:22.367Z", "updated_at": "2024-03-30T06:12:22.369Z", "user": 2, "total_price": 699.0, "status": "PENDING", "delivery_address": "24, Khutar, Wiahn, Singrauli MP", "delivery_zip_code": "486886", "cancelation_reason": null, "payment_screentshot": ""}}, {"model": "ecommerce.order", "pk": 15, "fields": {"created_at": "2024-03-30T06:26:55.690Z", "updated_at": "2024-03-30T06:26:55.692Z", "user": 2, "total_price": 1398.0, "status": "PENDING", "delivery_address": "24, Khutar, Wiahn, Singrauli MP", "delivery_zip_code": "486886", "cancelation_reason": null, "payment_screentshot": ""}}, {"model": "ecommerce.order", "pk": 16, "fields": {"created_at": "2024-03-30T06:38:01.620Z", "updated_at": "2024-03-30T06:38:01.622Z", "user": 2, "total_price": 699.0, "status": "PENDING", "delivery_address": "345 jaypee, rewa, mp, india", "delivery_zip_code": "486250", "cancelation_reason": null, "payment_screentshot": ""}}, {"model": "ecommerce.order", "pk": 17, "fields": {"created_at": "2024-03-30T06:46:18.358Z", "updated_at": "2024-03-30T06:46:18.360Z", "user": 2, "total_price": 1398.0, "status": "PENDING", "delivery_address": "None jaypee, Indore, Up, india", "delivery_zip_code": "48", "cancelation_reason": null, "payment_screentshot": ""}}, {"model": "ecommerce.order", "pk": 18, "fields": {"created_at": "2024-03-30T06:57:19.166Z", "updated_at": "2024-03-30T06:57:19.168Z", "user": 2, "total_price": 2000.0, "status": "PENDING", "delivery_address": "345 jaypee, rewa, mp, india", "delivery_zip_code": "486250", "cancelation_reason": null, "payment_screentshot": ""}}, {"model": "ecommerce.order", "pk": 19, "fields": {"created_at": "2024-03-30T13:35:43.236Z", "updated_at": "2024-03-30T13:35:43.239Z", "user": 2, "total_price": 699.0, "status": "PENDING", "delivery_address": "345 jaypee, rewa, mp, india", "delivery_zip_code": "486250", "cancelation_reason": null, "payment_screentshot": ""}}, {"model": "ecommerce.order", "pk": 20, "fields": {"created_at": "2024-03-30T15:22:42.743Z", "updated_at": "2024-03-30T15:22:42.746Z", "user": 16, "total_price": 1099.0, "status": "PENDING", "delivery_address": "None N/0007, today home rigd residency, noida, Uttar Pradesh, India", "delivery_zip_code": "201305", "cancelation_reason": null, "payment_screentshot": ""}}, {"model": "ecommerce.order", "pk": 21, "fields": {"created_at": "2024-03-31T08:39:36.905Z", "updated_at": "2024-03-31T08:39:36.907Z", "user": 16, "total_price": 1398.0, "status": "PENDING", "delivery_address": "None N/0007, today home rigd residency, noida, Uttar Pradesh, India", "delivery_zip_code": "201305", "cancelation_reason": null, "payment_screentshot": ""}}, {"model": "ecommerce.order", "pk": 22, "fields": {"created_at": "2024-03-31T12:30:51.289Z", "updated_at": "2024-03-31T12:30:51.291Z", "user": 16, "total_price": 400.0, "status": "PENDING", "delivery_address": "None N/0007, today home rigd residency, noida, Uttar Pradesh, India", "delivery_zip_code": "201305", "cancelation_reason": null, "payment_screentshot": ""}}, {"model": "ecommerce.order", "pk": 23, "fields": {"created_at": "2024-04-02T06:16:32.677Z", "updated_at": "2024-04-02T06:16:32.679Z", "user": 2, "total_price": 700.0, "status": "PENDING", "delivery_address": "345 jaypee, rewa, mp, india", "delivery_zip_code": "486250", "cancelation_reason": null, "payment_screentshot": ""}}, {"model": "ecommerce.order", "pk": 24, "fields": {"created_at": "2024-05-01T05:29:41.644Z", "updated_at": "2024-05-01T05:29:41.649Z", "user": 2, "total_price": 8500.0, "status": "PENDING", "delivery_address": "None jaypee, Indore, Up, india", "delivery_zip_code": "48", "cancelation_reason": null, "payment_screentshot": ""}}, {"model": "ecommerce.order", "pk": 25, "fields": {"created_at": "2024-05-01T06:27:01.887Z", "updated_at": "2024-05-01T06:27:01.889Z", "user": 2, "total_price": 1798.0, "status": "PENDING", "delivery_address": "787 jaypeesecond, Indore, Up, india", "delivery_zip_code": "48", "cancelation_reason": null, "payment_screentshot": ""}}, {"model": "ecommerce.order", "pk": 26, "fields": {"created_at": "2024-05-01T11:01:21.156Z", "updated_at": "2024-05-01T11:01:21.158Z", "user": 2, "total_price": 4198.0, "status": "PENDING", "delivery_address": "345 jaypee, rewa, mp, indi9090", "delivery_zip_code": "486250", "cancelation_reason": null, "payment_screentshot": ""}}, {"model": "ecommerce.order", "pk": 27, "fields": {"created_at": "2024-05-02T05:27:51.050Z", "updated_at": "2024-05-02T05:27:51.052Z", "user": 2, "total_price": 5600.0, "status": "PENDING", "delivery_address": "345 jaypee, rewa, mp, indi9090", "delivery_zip_code": "486250", "cancelation_reason": null, "payment_screentshot": ""}}, {"model": "ecommerce.order", "pk": 28, "fields": {"created_at": "2024-05-05T10:35:45.545Z", "updated_at": "2024-05-05T10:35:45.547Z", "user": 20, "total_price": 700.0, "status": "PENDING", "delivery_address": "None jaypee nagar, rewa, mp, india", "delivery_zip_code": "486450", "cancelation_reason": null, "payment_screentshot": ""}}, {"model": "ecommerce.order", "pk": 29, "fields": {"created_at": "2024-05-05T11:17:22.241Z", "updated_at": "2024-05-05T11:17:22.243Z", "user": 20, "total_price": 700.0, "status": "PENDING", "delivery_address": "None jaypee nagar, rewa, mp, india", "delivery_zip_code": "486450", "cancelation_reason": null, "payment_screentshot": ""}}, {"model": "ecommerce.order", "pk": 30, "fields": {"created_at": "2024-05-05T12:30:54.224Z", "updated_at": "2024-05-05T12:30:54.226Z", "user": 16, "total_price": 400.0, "status": "PENDING", "delivery_address": "None N/0007, today home rigd residency, noida, Uttar Pradesh, India", "delivery_zip_code": "201305", "cancelation_reason": null, "payment_screentshot": ""}}, {"model": "ecommerce.order", "pk": 31, "fields": {"created_at": "2024-05-05T12:32:12.158Z", "updated_at": "2024-05-05T12:32:12.160Z", "user": 16, "total_price": 699.0, "status": "PENDING", "delivery_address": "None N/0007, today home rigd residency, noida, Uttar Pradesh, India", "delivery_zip_code": "201305", "cancelation_reason": null, "payment_screentshot": ""}}, {"model": "ecommerce.order", "pk": 32, "fields": {"created_at": "2024-05-06T10:26:17.280Z", "updated_at": "2024-05-06T10:26:17.282Z", "user": 20, "total_price": 700.0, "status": "PENDING", "delivery_address": "None jaypee nagar second, rewa, mp, india", "delivery_zip_code": "486450", "cancelation_reason": null, "payment_screentshot": ""}}, {"model": "ecommerce.order", "pk": 33, "fields": {"created_at": "2024-05-06T11:32:19.149Z", "updated_at": "2024-05-06T11:32:19.151Z", "user": 20, "total_price": 800.0, "status": "PENDING", "delivery_address": "None jaypee nagar second, rewa, mp, india", "delivery_zip_code": "486450", "cancelation_reason": null, "payment_screentshot": ""}}, {"model": "ecommerce.order", "pk": 34, "fields": {"created_at": "2024-05-06T11:39:37.856Z", "updated_at": "2024-05-06T11:39:37.858Z", "user": 20, "total_price": 2000.0, "status": "PENDING", "delivery_address": "None jaypee nagar second, rewa, mp, india", "delivery_zip_code": "486450", "cancelation_reason": null, "payment_screentshot": ""}}, {"model": "ecommerce.order", "pk": 35, "fields": {"created_at": "2024-05-06T11:40:23.661Z", "updated_at": "2024-05-06T11:40:23.663Z", "user": 20, "total_price": 200.0, "status": "PENDING", "delivery_address": "None jaypee, rewa, mp, india", "delivery_zip_code": "486450", "cancelation_reason": null, "payment_screentshot": ""}}, {"model": "ecommerce.order", "pk": 36, "fields": {"created_at": "2024-05-06T11:41:41.246Z", "updated_at": "2024-05-06T11:41:41.248Z", "user": 20, "total_price": 400.0, "status": "PENDING", "delivery_address": "None Indore, inodre, inodre, inodre", "delivery_zip_code": "898799", "cancelation_reason": null, "payment_screentshot": ""}}, {"model": "ecommerce.order", "pk": 37, "fields": {"created_at": "2024-05-06T13:41:39.116Z", "updated_at": "2024-05-06T13:41:39.118Z", "user": 20, "total_price": 1398.0, "status": "PENDING", "delivery_address": "None jaypee, rewa, mp, india", "delivery_zip_code": "486450", "cancelation_reason": null, "payment_screentshot": ""}}, {"model": "ecommerce.order", "pk": 38, "fields": {"created_at": "2024-05-07T09:06:02.823Z", "updated_at": "2024-05-07T09:06:02.825Z", "user": 20, "total_price": 1399.0, "status": "PENDING", "delivery_address": "None jaypee, rewa, mp, india", "delivery_zip_code": "486450", "cancelation_reason": null, "payment_screentshot": ""}}, {"model": "ecommerce.order", "pk": 39, "fields": {"created_at": "2024-05-09T14:35:33.816Z", "updated_at": "2024-05-09T14:35:33.818Z", "user": 23, "total_price": 2497.0, "status": "PENDING", "delivery_address": "None delhi, delhi, delhi, india", "delivery_zip_code": "212106", "cancelation_reason": null, "payment_screentshot": ""}}, {"model": "ecommerce.order", "pk": 40, "fields": {"created_at": "2024-05-09T14:36:26.046Z", "updated_at": "2024-05-09T14:36:26.048Z", "user": 1, "total_price": 699.0, "status": "PENDING", "delivery_address": "None k, jk, jk, j", "delivery_zip_code": "486886", "cancelation_reason": null, "payment_screentshot": ""}}, {"model": "ecommerce.order", "pk": 41, "fields": {"created_at": "2024-05-09T14:43:08.404Z", "updated_at": "2024-05-09T14:43:08.406Z", "user": 20, "total_price": 900.0, "status": "PENDING", "delivery_address": "None jaypee nagar second, rewa, mp, india", "delivery_zip_code": "486450", "cancelation_reason": null, "payment_screentshot": ""}}, {"model": "ecommerce.order", "pk": 42, "fields": {"created_at": "2024-05-09T14:46:55.715Z", "updated_at": "2024-05-09T14:47:07.401Z", "user": 20, "total_price": 700.0, "status": "PENDING", "delivery_address": "None jaypee nagar second, rewa, mp, india", "delivery_zip_code": "486450", "cancelation_reason": null, "payment_screentshot": "order/payments-screenshots/WhatsApp_Image_2024-05-07_at_2.28.26_PM.jpeg"}}, {"model": "ecommerce.order", "pk": 43, "fields": {"created_at": "2024-05-09T14:52:20.180Z", "updated_at": "2024-05-09T14:52:20.182Z", "user": 20, "total_price": 699.0, "status": "PENDING", "delivery_address": "None jaypee nagar second, rewa, mp, india", "delivery_zip_code": "486450", "cancelation_reason": null, "payment_screentshot": ""}}, {"model": "ecommerce.order", "pk": 44, "fields": {"created_at": "2024-05-09T14:54:55.370Z", "updated_at": "2024-05-09T14:54:55.372Z", "user": 20, "total_price": 700.0, "status": "PENDING", "delivery_address": "None jaypee, rewa, mp, india", "delivery_zip_code": "486450", "cancelation_reason": null, "payment_screentshot": ""}}, {"model": "ecommerce.order", "pk": 45, "fields": {"created_at": "2024-05-09T14:58:34.411Z", "updated_at": "2024-05-09T14:58:34.414Z", "user": 20, "total_price": 699.0, "status": "PENDING", "delivery_address": "None Indore, inodre, inodre, inodre", "delivery_zip_code": "898799", "cancelation_reason": null, "payment_screentshot": ""}}, {"model": "ecommerce.order", "pk": 46, "fields": {"created_at": "2024-05-09T15:00:24.165Z", "updated_at": "2024-05-09T15:00:24.167Z", "user": 20, "total_price": 700.0, "status": "PENDING", "delivery_address": "None jaypee, rewa, mp, india", "delivery_zip_code": "486450", "cancelation_reason": null, "payment_screentshot": ""}}, {"model": "ecommerce.order", "pk": 47, "fields": {"created_at": "2024-05-09T15:04:13.744Z", "updated_at": "2024-05-09T15:06:15.988Z", "user": 20, "total_price": 700.0, "status": "PENDING", "delivery_address": "None Indore, inodre, inodre, inodre", "delivery_zip_code": "898799", "cancelation_reason": null, "payment_screentshot": "order/payments-screenshots/Screenshot_188.png"}}, {"model": "ecommerce.order", "pk": 48, "fields": {"created_at": "2024-05-09T15:08:34.245Z", "updated_at": "2024-05-09T15:16:38.185Z", "user": 20, "total_price": 700.0, "status": "DELIVERED", "delivery_address": "None jaypee, rewa, mp, india", "delivery_zip_code": "486450", "cancelation_reason": null, "payment_screentshot": "order/payments-screenshots/Screenshot_185.png"}}, {"model": "ecommerce.order", "pk": 49, "fields": {"created_at": "2024-05-09T15:10:25.453Z", "updated_at": "2024-05-09T15:10:25.456Z", "user": 20, "total_price": 700.0, "status": "PENDING", "delivery_address": "None jaypee nagar second, rewa, mp, india", "delivery_zip_code": "486450", "cancelation_reason": null, "payment_screentshot": ""}}, {"model": "ecommerce.order", "pk": 50, "fields": {"created_at": "2024-05-09T15:12:31.904Z", "updated_at": "2024-05-09T15:12:48.261Z", "user": 20, "total_price": 700.0, "status": "PENDING", "delivery_address": "None jaypee, rewa, mp, india", "delivery_zip_code": "486450", "cancelation_reason": null, "payment_screentshot": "order/payments-screenshots/Screenshot_200.png"}}, {"model": "ecommerce.order", "pk": 51, "fields": {"created_at": "2024-05-09T15:17:11.470Z", "updated_at": "2024-05-09T15:17:23.403Z", "user": 20, "total_price": 400.0, "status": "PENDING", "delivery_address": "None jaypee, rewa, mp, india", "delivery_zip_code": "486450", "cancelation_reason": null, "payment_screentshot": "order/payments-screenshots/Screenshot_261.png"}}, {"model": "ecommerce.order", "pk": 52, "fields": {"created_at": "2024-05-09T15:46:35.580Z", "updated_at": "2024-05-09T15:46:35.583Z", "user": 20, "total_price": 400.0, "status": "PENDING", "delivery_address": "None jaypee nagar second, rewa, mp, india", "delivery_zip_code": "486450", "cancelation_reason": null, "payment_screentshot": ""}}, {"model": "ecommerce.order", "pk": 53, "fields": {"created_at": "2024-05-10T06:58:42.376Z", "updated_at": "2024-05-10T07:00:01.356Z", "user": 20, "total_price": 700.0, "status": "PENDING", "delivery_address": "None jaypee nagar second, rewa, mp, india", "delivery_zip_code": "486450", "cancelation_reason": null, "payment_screentshot": "order/payments-screenshots/Screenshot_183.png"}}, {"model": "ecommerce.order", "pk": 54, "fields": {"created_at": "2024-05-10T08:05:37.072Z", "updated_at": "2024-05-10T08:05:55.902Z", "user": 20, "total_price": 700.0, "status": "PENDING", "delivery_address": "None jaypee nagar second, rewa, mp, india", "delivery_zip_code": "486450", "cancelation_reason": null, "payment_screentshot": "order/payments-screenshots/Screenshot_188_6aDGN26.png"}}, {"model": "ecommerce.order", "pk": 55, "fields": {"created_at": "2024-05-10T08:06:41.939Z", "updated_at": "2024-05-10T08:06:59.307Z", "user": 20, "total_price": 699.0, "status": "PENDING", "delivery_address": "None jaypee nagar second, rewa, mp, india", "delivery_zip_code": "486450", "cancelation_reason": null, "payment_screentshot": "order/payments-screenshots/Screenshot_218.png"}}, {"model": "ecommerce.orderproduct", "pk": 1, "fields": {"created_at": "2024-03-29T04:26:00.835Z", "updated_at": "2024-03-29T04:26:00.835Z", "order": 1, "product": 2, "quantity": 8, "price": 1600.0}}, {"model": "ecommerce.orderproduct", "pk": 2, "fields": {"created_at": "2024-03-29T04:26:00.835Z", "updated_at": "2024-03-29T04:26:00.835Z", "order": 1, "product": 3, "quantity": 4, "price": 2800.0}}, {"model": "ecommerce.orderproduct", "pk": 3, "fields": {"created_at": "2024-03-29T04:27:20.960Z", "updated_at": "2024-03-29T04:27:20.960Z", "order": 2, "product": 4, "quantity": 2, "price": 1398.0}}, {"model": "ecommerce.orderproduct", "pk": 4, "fields": {"created_at": "2024-03-29T04:27:20.960Z", "updated_at": "2024-03-29T04:27:20.960Z", "order": 2, "product": 3, "quantity": 6, "price": 4200.0}}, {"model": "ecommerce.orderproduct", "pk": 5, "fields": {"created_at": "2024-03-29T04:32:34.483Z", "updated_at": "2024-03-29T04:32:34.483Z", "order": 3, "product": 2, "quantity": 1, "price": 200.0}}, {"model": "ecommerce.orderproduct", "pk": 6, "fields": {"created_at": "2024-03-29T04:34:11.224Z", "updated_at": "2024-03-29T04:34:11.224Z", "order": 4, "product": 1, "quantity": 4, "price": 1600.0}}, {"model": "ecommerce.orderproduct", "pk": 7, "fields": {"created_at": "2024-03-29T04:40:54.181Z", "updated_at": "2024-03-29T04:40:54.181Z", "order": 5, "product": 4, "quantity": 1, "price": 699.0}}, {"model": "ecommerce.orderproduct", "pk": 8, "fields": {"created_at": "2024-03-29T04:44:13.640Z", "updated_at": "2024-03-29T04:44:13.640Z", "order": 6, "product": 4, "quantity": 1, "price": 699.0}}, {"model": "ecommerce.orderproduct", "pk": 9, "fields": {"created_at": "2024-03-29T04:50:42.075Z", "updated_at": "2024-03-29T04:50:42.075Z", "order": 7, "product": 1, "quantity": 1, "price": 400.0}}, {"model": "ecommerce.orderproduct", "pk": 10, "fields": {"created_at": "2024-03-29T04:54:48.672Z", "updated_at": "2024-03-29T04:54:48.672Z", "order": 8, "product": 1, "quantity": 1, "price": 400.0}}, {"model": "ecommerce.orderproduct", "pk": 11, "fields": {"created_at": "2024-03-29T05:24:13.983Z", "updated_at": "2024-03-29T05:24:13.983Z", "order": 9, "product": 3, "quantity": 3, "price": 2100.0}}, {"model": "ecommerce.orderproduct", "pk": 12, "fields": {"created_at": "2024-03-29T05:24:13.983Z", "updated_at": "2024-03-29T05:24:13.983Z", "order": 9, "product": 4, "quantity": 3, "price": 2097.0}}, {"model": "ecommerce.orderproduct", "pk": 13, "fields": {"created_at": "2024-03-29T05:54:48.673Z", "updated_at": "2024-03-29T05:54:48.673Z", "order": 10, "product": 1, "quantity": 1, "price": 400.0}}, {"model": "ecommerce.orderproduct", "pk": 14, "fields": {"created_at": "2024-03-29T05:54:48.673Z", "updated_at": "2024-03-29T05:54:48.673Z", "order": 10, "product": 4, "quantity": 1, "price": 699.0}}, {"model": "ecommerce.orderproduct", "pk": 15, "fields": {"created_at": "2024-03-29T13:18:56.074Z", "updated_at": "2024-03-29T13:18:56.074Z", "order": 11, "product": 4, "quantity": 7, "price": 4893.0}}, {"model": "ecommerce.orderproduct", "pk": 16, "fields": {"created_at": "2024-03-29T13:18:56.074Z", "updated_at": "2024-03-29T13:18:56.074Z", "order": 11, "product": 3, "quantity": 6, "price": 4200.0}}, {"model": "ecommerce.orderproduct", "pk": 17, "fields": {"created_at": "2024-03-30T05:56:07.022Z", "updated_at": "2024-03-30T05:56:07.022Z", "order": 12, "product": 1, "quantity": 1, "price": 400.0}}, {"model": "ecommerce.orderproduct", "pk": 18, "fields": {"created_at": "2024-03-30T05:56:07.022Z", "updated_at": "2024-03-30T05:56:07.022Z", "order": 12, "product": 4, "quantity": 4, "price": 2796.0}}, {"model": "ecommerce.orderproduct", "pk": 19, "fields": {"created_at": "2024-03-30T06:05:22.624Z", "updated_at": "2024-03-30T06:05:22.624Z", "order": 13, "product": 4, "quantity": 1, "price": 699.0}}, {"model": "ecommerce.orderproduct", "pk": 20, "fields": {"created_at": "2024-03-30T06:12:22.371Z", "updated_at": "2024-03-30T06:12:22.371Z", "order": 14, "product": 4, "quantity": 1, "price": 699.0}}, {"model": "ecommerce.orderproduct", "pk": 21, "fields": {"created_at": "2024-03-30T06:26:55.694Z", "updated_at": "2024-03-30T06:26:55.694Z", "order": 15, "product": 4, "quantity": 2, "price": 1398.0}}, {"model": "ecommerce.orderproduct", "pk": 22, "fields": {"created_at": "2024-03-30T06:38:01.624Z", "updated_at": "2024-03-30T06:38:01.624Z", "order": 16, "product": 4, "quantity": 1, "price": 699.0}}, {"model": "ecommerce.orderproduct", "pk": 23, "fields": {"created_at": "2024-03-30T06:46:18.362Z", "updated_at": "2024-03-30T06:46:18.362Z", "order": 17, "product": 4, "quantity": 2, "price": 1398.0}}, {"model": "ecommerce.orderproduct", "pk": 24, "fields": {"created_at": "2024-03-30T06:57:19.170Z", "updated_at": "2024-03-30T06:57:19.170Z", "order": 18, "product": 1, "quantity": 5, "price": 2000.0}}, {"model": "ecommerce.orderproduct", "pk": 25, "fields": {"created_at": "2024-03-30T13:35:43.241Z", "updated_at": "2024-03-30T13:35:43.241Z", "order": 19, "product": 4, "quantity": 1, "price": 699.0}}, {"model": "ecommerce.orderproduct", "pk": 26, "fields": {"created_at": "2024-03-30T15:22:42.748Z", "updated_at": "2024-03-30T15:22:42.748Z", "order": 20, "product": 4, "quantity": 1, "price": 699.0}}, {"model": "ecommerce.orderproduct", "pk": 27, "fields": {"created_at": "2024-03-30T15:22:42.748Z", "updated_at": "2024-03-30T15:22:42.748Z", "order": 20, "product": 1, "quantity": 1, "price": 400.0}}, {"model": "ecommerce.orderproduct", "pk": 28, "fields": {"created_at": "2024-03-31T08:39:36.909Z", "updated_at": "2024-03-31T08:39:36.909Z", "order": 21, "product": 4, "quantity": 2, "price": 1398.0}}, {"model": "ecommerce.orderproduct", "pk": 29, "fields": {"created_at": "2024-03-31T12:30:51.293Z", "updated_at": "2024-03-31T12:30:51.293Z", "order": 22, "product": 1, "quantity": 1, "price": 400.0}}, {"model": "ecommerce.orderproduct", "pk": 30, "fields": {"created_at": "2024-04-02T06:16:32.681Z", "updated_at": "2024-04-02T06:16:32.681Z", "order": 23, "product": 3, "quantity": 1, "price": 700.0}}, {"model": "ecommerce.orderproduct", "pk": 31, "fields": {"created_at": "2024-05-01T05:29:41.651Z", "updated_at": "2024-05-01T05:29:41.651Z", "order": 24, "product": 3, "quantity": 7, "price": 4900.0}}, {"model": "ecommerce.orderproduct", "pk": 32, "fields": {"created_at": "2024-05-01T05:29:41.651Z", "updated_at": "2024-05-01T05:29:41.651Z", "order": 24, "product": 1, "quantity": 9, "price": 3600.0}}, {"model": "ecommerce.orderproduct", "pk": 33, "fields": {"created_at": "2024-05-01T06:27:01.891Z", "updated_at": "2024-05-01T06:27:01.891Z", "order": 25, "product": 4, "quantity": 2, "price": 1398.0}}, {"model": "ecommerce.orderproduct", "pk": 34, "fields": {"created_at": "2024-05-01T06:27:01.891Z", "updated_at": "2024-05-01T06:27:01.891Z", "order": 25, "product": 2, "quantity": 2, "price": 400.0}}, {"model": "ecommerce.orderproduct", "pk": 35, "fields": {"created_at": "2024-05-01T11:01:21.160Z", "updated_at": "2024-05-01T11:01:21.160Z", "order": 26, "product": 4, "quantity": 2, "price": 1398.0}}, {"model": "ecommerce.orderproduct", "pk": 36, "fields": {"created_at": "2024-05-01T11:01:21.160Z", "updated_at": "2024-05-01T11:01:21.160Z", "order": 26, "product": 3, "quantity": 4, "price": 2800.0}}, {"model": "ecommerce.orderproduct", "pk": 37, "fields": {"created_at": "2024-05-02T05:27:51.054Z", "updated_at": "2024-05-02T05:27:51.054Z", "order": 27, "product": 3, "quantity": 8, "price": 5600.0}}, {"model": "ecommerce.orderproduct", "pk": 38, "fields": {"created_at": "2024-05-05T10:35:45.549Z", "updated_at": "2024-05-05T10:35:45.549Z", "order": 28, "product": 3, "quantity": 1, "price": 700.0}}, {"model": "ecommerce.orderproduct", "pk": 39, "fields": {"created_at": "2024-05-05T11:17:22.245Z", "updated_at": "2024-05-05T11:17:22.245Z", "order": 29, "product": 3, "quantity": 1, "price": 700.0}}, {"model": "ecommerce.orderproduct", "pk": 40, "fields": {"created_at": "2024-05-05T12:30:54.228Z", "updated_at": "2024-05-05T12:30:54.228Z", "order": 30, "product": 1, "quantity": 1, "price": 400.0}}, {"model": "ecommerce.orderproduct", "pk": 41, "fields": {"created_at": "2024-05-05T12:32:12.162Z", "updated_at": "2024-05-05T12:32:12.162Z", "order": 31, "product": 4, "quantity": 1, "price": 699.0}}, {"model": "ecommerce.orderproduct", "pk": 42, "fields": {"created_at": "2024-05-06T10:26:17.284Z", "updated_at": "2024-05-06T10:26:17.284Z", "order": 32, "product": 3, "quantity": 1, "price": 700.0}}, {"model": "ecommerce.orderproduct", "pk": 43, "fields": {"created_at": "2024-05-06T11:32:19.153Z", "updated_at": "2024-05-06T11:32:19.153Z", "order": 33, "product": 1, "quantity": 2, "price": 800.0}}, {"model": "ecommerce.orderproduct", "pk": 44, "fields": {"created_at": "2024-05-06T11:39:37.860Z", "updated_at": "2024-05-06T11:39:37.860Z", "order": 34, "product": 1, "quantity": 5, "price": 2000.0}}, {"model": "ecommerce.orderproduct", "pk": 45, "fields": {"created_at": "2024-05-06T11:40:23.665Z", "updated_at": "2024-05-06T11:40:23.665Z", "order": 35, "product": 2, "quantity": 1, "price": 200.0}}, {"model": "ecommerce.orderproduct", "pk": 46, "fields": {"created_at": "2024-05-06T11:41:41.250Z", "updated_at": "2024-05-06T11:41:41.250Z", "order": 36, "product": 1, "quantity": 1, "price": 400.0}}, {"model": "ecommerce.orderproduct", "pk": 47, "fields": {"created_at": "2024-05-06T13:41:39.120Z", "updated_at": "2024-05-06T13:41:39.120Z", "order": 37, "product": 4, "quantity": 2, "price": 1398.0}}, {"model": "ecommerce.orderproduct", "pk": 48, "fields": {"created_at": "2024-05-07T09:06:02.827Z", "updated_at": "2024-05-07T09:06:02.827Z", "order": 38, "product": 4, "quantity": 1, "price": 699.0}}, {"model": "ecommerce.orderproduct", "pk": 49, "fields": {"created_at": "2024-05-07T09:06:02.827Z", "updated_at": "2024-05-07T09:06:02.827Z", "order": 38, "product": 3, "quantity": 1, "price": 700.0}}, {"model": "ecommerce.orderproduct", "pk": 50, "fields": {"created_at": "2024-05-09T14:35:33.820Z", "updated_at": "2024-05-09T14:35:33.820Z", "order": 39, "product": 1, "quantity": 1, "price": 400.0}}, {"model": "ecommerce.orderproduct", "pk": 51, "fields": {"created_at": "2024-05-09T14:35:33.820Z", "updated_at": "2024-05-09T14:35:33.820Z", "order": 39, "product": 4, "quantity": 3, "price": 2097.0}}, {"model": "ecommerce.orderproduct", "pk": 52, "fields": {"created_at": "2024-05-09T14:36:26.050Z", "updated_at": "2024-05-09T14:36:26.050Z", "order": 40, "product": 4, "quantity": 1, "price": 699.0}}, {"model": "ecommerce.orderproduct", "pk": 53, "fields": {"created_at": "2024-05-09T14:43:08.407Z", "updated_at": "2024-05-09T14:43:08.407Z", "order": 41, "product": 2, "quantity": 1, "price": 200.0}}, {"model": "ecommerce.orderproduct", "pk": 54, "fields": {"created_at": "2024-05-09T14:43:08.407Z", "updated_at": "2024-05-09T14:43:08.407Z", "order": 41, "product": 3, "quantity": 1, "price": 700.0}}, {"model": "ecommerce.orderproduct", "pk": 55, "fields": {"created_at": "2024-05-09T14:46:55.718Z", "updated_at": "2024-05-09T14:46:55.719Z", "order": 42, "product": 3, "quantity": 1, "price": 700.0}}, {"model": "ecommerce.orderproduct", "pk": 56, "fields": {"created_at": "2024-05-09T14:52:20.184Z", "updated_at": "2024-05-09T14:52:20.184Z", "order": 43, "product": 4, "quantity": 1, "price": 699.0}}, {"model": "ecommerce.orderproduct", "pk": 57, "fields": {"created_at": "2024-05-09T14:54:55.374Z", "updated_at": "2024-05-09T14:54:55.374Z", "order": 44, "product": 3, "quantity": 1, "price": 700.0}}, {"model": "ecommerce.orderproduct", "pk": 58, "fields": {"created_at": "2024-05-09T14:58:34.416Z", "updated_at": "2024-05-09T14:58:34.416Z", "order": 45, "product": 4, "quantity": 1, "price": 699.0}}, {"model": "ecommerce.orderproduct", "pk": 59, "fields": {"created_at": "2024-05-09T15:00:24.169Z", "updated_at": "2024-05-09T15:00:24.169Z", "order": 46, "product": 3, "quantity": 1, "price": 700.0}}, {"model": "ecommerce.orderproduct", "pk": 60, "fields": {"created_at": "2024-05-09T15:04:13.748Z", "updated_at": "2024-05-09T15:04:13.748Z", "order": 47, "product": 3, "quantity": 1, "price": 700.0}}, {"model": "ecommerce.orderproduct", "pk": 61, "fields": {"created_at": "2024-05-09T15:08:34.249Z", "updated_at": "2024-05-09T15:08:34.249Z", "order": 48, "product": 3, "quantity": 1, "price": 700.0}}, {"model": "ecommerce.orderproduct", "pk": 62, "fields": {"created_at": "2024-05-09T15:10:25.457Z", "updated_at": "2024-05-09T15:10:25.457Z", "order": 49, "product": 3, "quantity": 1, "price": 700.0}}, {"model": "ecommerce.orderproduct", "pk": 63, "fields": {"created_at": "2024-05-09T15:12:31.908Z", "updated_at": "2024-05-09T15:12:31.908Z", "order": 50, "product": 3, "quantity": 1, "price": 700.0}}, {"model": "ecommerce.orderproduct", "pk": 64, "fields": {"created_at": "2024-05-09T15:17:11.474Z", "updated_at": "2024-05-09T15:17:11.474Z", "order": 51, "product": 1, "quantity": 1, "price": 400.0}}, {"model": "ecommerce.orderproduct", "pk": 65, "fields": {"created_at": "2024-05-09T15:46:35.585Z", "updated_at": "2024-05-09T15:46:35.585Z", "order": 52, "product": 1, "quantity": 1, "price": 400.0}}, {"model": "ecommerce.orderproduct", "pk": 66, "fields": {"created_at": "2024-05-10T06:58:42.380Z", "updated_at": "2024-05-10T06:58:42.380Z", "order": 53, "product": 3, "quantity": 1, "price": 700.0}}, {"model": "ecommerce.orderproduct", "pk": 67, "fields": {"created_at": "2024-05-10T08:05:37.076Z", "updated_at": "2024-05-10T08:05:37.076Z", "order": 54, "product": 3, "quantity": 1, "price": 700.0}}, {"model": "ecommerce.orderproduct", "pk": 68, "fields": {"created_at": "2024-05-10T08:06:41.942Z", "updated_at": "2024-05-10T08:06:41.942Z", "order": 55, "product": 4, "quantity": 1, "price": 699.0}}, {"model": "ecommerce.blog", "pk": 1, "fields": {"created_at": "2024-03-29T11:48:22.168Z", "updated_at": "2024-03-29T12:13:21.571Z", "title": "Significance of Tower Card & Numerology in Transformation", "image": "blog/Gauri_Shakar_Rudraksha_1__2_1_jKhIG0A.jpg", "content": "<p>Numerology, the study of numbers and their mystical significance, complements the insights of the Tower Card by providing a deeper understanding of the energies at play during your post-breakup transformation journey. Each number holds a unique vibration that can influence your emotions, thoughts, and actions.</p><p>In the context of a breakup, numerology offers insights through your Life Path Number, calculated from your birthdate. This number reveals your life’s purpose and the lessons you are meant to learn. During a breakup, it can serve as a guiding light, reminding you of your inherent strengths and urging you to overcome challenges with grace.</p><p>Furthermore, the Tower Card’s numerological association with the number 16 (1+6) highlights the balance between the energies of independence and unity. This resonates with the process of rediscovering your individuality while also fostering connections with loved ones and support systems. Numerology aids in aligning your personal growth with the transformative potential of the Tower Card.</p>", "published": true}}, {"model": "ecommerce.blog", "pk": 2, "fields": {"created_at": "2024-03-29T11:55:15.608Z", "updated_at": "2024-03-29T12:12:41.021Z", "title": "Check Out the Master Numbers in Tarot and their Significance!", "image": "blog/Buy_Kashmiri_Blue_Sapphire_rvM5TN4.jpg", "content": "<p>Tarot, a powerful tool for gaining insights into the mysteries of life, holds a vast array of symbols, archetypes, and numbers that provide valuable guidance. Among these, the concept of Master Numbers holds a special place. Master Numbers are those unique double-digit numbers like 11, 22, and 33, which carry enhanced spiritual vibrations and hold profound meanings in Tarot readings. In this article, we embark on a journey to uncover the significance of Master Numbers in Tarot and how they influence our spiritual understanding and personal growth.</p><h2><strong>The Essence of Master Numbers in Tarot:</strong></h2><p>Master Numbers possess a higher spiritual vibration due to their repetition of digits, intensifying their energies. In Tarot, they symbolize a bridge between the material and spiritual realms, offering deeper insights into the mysteries of the universe. Each Master Number has its own unique essence, influencing the interpretation of Tarot cards in significant ways.</p><h2><strong>Unlocking Master Number 11: The Intuitive Illuminator</strong></h2><p>Master Number 11, often called the “Intuitive Illuminator,” resonates with spiritual enlightenment and heightened intuition. In Tarot, this number signifies transcendence and a connection to higher consciousness. When this number appears in a reading, it suggests that the seeker is on a path of self-discovery and should trust their inner wisdom.</p><h2><strong>Master Number 22: The Master Builder of Dreams</strong></h2><p>Known as the “Master Builder of Dreams,” Number 22 embodies the manifestation of ideas into reality. This Master Number is linked to mastery, balance, and turning dreams into tangible achievements. In Tarot readings, Number 22 signifies the potential for turning ambitions into concrete results and highlights the importance of patience and practicality.</p><h2><strong>Master Number 33: The Master Teacher of Compassion</strong></h2><p>Master Number 33, the “Master Teacher of Compassion,” holds the energy of spiritual guidance and healing. It symbolizes a deep connection with divine energies and a strong desire to uplift humanity. In Tarot, this Master Number signifies profound spiritual growth, emphasizing the power of compassion, empathy, and selfless service.</p><h2><strong>Interpreting Master Numbers in Tarot Readings:</strong></h2><p>When Master Numbers appear in a Tarot reading, they infuse the interpretation with their unique energies, amplifying the message and providing deeper insights. These numbers often indicate pivotal moments, spiritual growth, and the need to align with higher truths. Their presence encourages seekers to embrace their inner journey, trust their intuition, and pursue their spiritual path with courage.</p><h2><strong>Conclusion:</strong></h2><p>Master Numbers in Tarot offer a profound way to connect with higher realms and gain insights into our spiritual journey. They serve as bridges between the material and spiritual dimensions, guiding us toward self-discovery, manifestation, and compassion. Incorporating Master Numbers into your Tarot practice not only enriches your readings but also enhances your connection with the universe and your own inner wisdom. As you explore the depths of Master Numbers in Tarot, you embark on a journey of growth, transformation, and profound spiritual understanding.</p><p>&nbsp;</p>", "published": true}}, {"model": "ecommerce.blog", "pk": 3, "fields": {"created_at": "2024-05-02T05:24:36.938Z", "updated_at": "2024-05-02T05:24:36.938Z", "title": "5 Most Powerful Crystal Bracelets for Wealth and Good Luck", "image": "blog/Crystal_Bracelets.jpeg", "content": "<p style=\"margin-left:0px;\">What if we tell you that there is an accessory that makes you look straight out of a fashion magazine but also attracts a whopping amount of money, luxury, and positivity?&nbsp;</p><p style=\"margin-left:0px;\">Yes, we’re talking about crystal bracelets.&nbsp;</p><p style=\"margin-left:0px;\">The <a href=\"https://www.dhanshreegems.com/healing-crystals/bracelets\"><span style=\"color:rgb(0,123,219);\"><strong>gemstone bracelets</strong></span></a> act as a money magnet bracelet, removing any inhibitions about money, reworking your scarcity mindset to make you more grateful, and helping you spot opportunities that strengthen your belief that you deserve more.&nbsp;</p><p style=\"margin-left:0px;\">But a bigger question you might ask is, <strong>“Does a crystal bracelet for women work?”</strong> And the answer is yes, it does. But to experience its benefits in their entirety, the most crucial expectation from you is to believe in yourself and the powers of the crystal. Just because you wear crystal bracelets for good luck doesn’t mean you don’t need to work. The stone merely aids your hard work and rewards it by bringing opportunities and catapulting you into a different league</p>", "published": true}}, {"model": "ecommerce.blog", "pk": 4, "fields": {"created_at": "2024-05-02T05:29:56.708Z", "updated_at": "2024-05-02T05:30:21.265Z", "title": "Evil Eye Bracelet Benefits: Protect Against Negative Energy", "image": "blog/Real_Rudraksha_1_.jpg", "content": "<p style=\"margin-left:0px;\">If you live in India, you must’ve seen that the country firmly believes in the negative manifestations of someone else’s ill intentions out of jealousy, hatred, or greed.&nbsp;</p><p style=\"margin-left:0px;\">Almost every Indian household has had an episode of being subjected to the Evil Eye or <i><strong>nazar</strong></i>, which has made them believe in the power of ill intentions. Be it wearing an <a href=\"https://www.dhanshreegems.com/evil-eye-bracelet.html\"><span style=\"color:rgb(0,123,219);\"><strong>Evil Eye Bracelet</strong></span></a> for men, tying a black thread on a woman’s foot, making a black kohl mark on a baby’s forehead, or using various rituals to combat the impact of an evil eye, there are multiple routes through which we try to rid ourselves of nazar.&nbsp;</p><p style=\"margin-left:0px;\">Let’s walk through the meaning and symbolism behind the Evil Eye and the benefits it can offer you.&nbsp;</p><h3 style=\"margin-left:0px;\"><strong><u>History And Symbolism of Evil Eye</u></strong></h3><p style=\"margin-left:0px;\">Ancient civilizations spanning Mesopotamia, Greece, Egypt, and Rome harbored beliefs regarding the harmful effects of the evil eye. The evolution of the concept is reflected across cultures. For instance, Islamic traditions use the Hand of Fatima (Hamsa) to ward off the impact of Al-’Ayn or Evil Eye. The eye motif symbolizes <strong>intuition</strong>, <strong>protection</strong>, <strong>vision</strong>, and <strong>perception</strong>, the power of all 4 shielding you from negativity from others.&nbsp;</p><p style=\"margin-left:0px;\">Now, let’s talk about the color of an evil eye. Predominantly, the symbol has 4 colors: <strong>Dark Blue</strong>, <strong>Light Blue</strong>, <strong>Black</strong>, and <strong>White</strong>. Dark blue emphasizes spiritual protection, light blue focuses on maintaining inner tranquility amongst the external chatter, black transmutes the negative energy into something positive, and white is the beam of divination and eternal bliss.&nbsp;</p><p style=\"margin-left:0px;\">Let’s get into the details of the Evil Eye Bracelet.&nbsp;</p>", "published": true}}, {"model": "ecommerce.review", "pk": 1, "fields": {"created_at": "2024-04-02T11:59:32.003Z", "updated_at": "2024-04-02T11:59:32.003Z", "user": 19, "rating": 5, "review": null, "status": true}}, {"model": "ecommerce.review", "pk": 2, "fields": {"created_at": "2024-04-02T11:59:47.741Z", "updated_at": "2024-04-02T11:59:47.741Z", "user": 19, "rating": 5, "review": null, "status": true}}, {"model": "ecommerce.review", "pk": 3, "fields": {"created_at": "2024-04-03T04:15:57.626Z", "updated_at": "2024-04-03T04:15:57.626Z", "user": 19, "rating": 5, "review": "qwiukwh ef0wf 0w8e8fyiwueg", "status": true}}]